year,month,usertype,gender,birth year,trip_count,avg_duration
2014,1,Customer,0,1977.0,7254.0,1734.0409429280396
2014,1,Subscriber,0,1951.0,10.0,320.5
2014,1,Subscriber,0,1973.0,1.0,147.0
2014,1,Subscriber,0,1991.0,4.0,319.0
2014,1,Subscriber,1,1899.0,21.0,465.23809523809524
2014,1,Subscriber,1,1900.0,92.0,901.9565217391304
2014,1,Subscriber,1,1901.0,11.0,1200.0
2014,1,Subscriber,1,1910.0,4.0,1401.75
2014,1,Subscriber,1,1917.0,2.0,1644.5
2014,1,Subscriber,1,1920.0,1.0,1249.0
2014,1,Subscriber,1,1921.0,1.0,71.0
2014,1,Subscriber,1,1922.0,19.0,473.7894736842105
2014,1,Subscriber,1,1927.0,4.0,494.25
2014,1,Subscriber,1,1933.0,25.0,456.28
2014,1,Subscriber,1,1934.0,29.0,604.6896551724138
2014,1,Subscriber,1,1935.0,39.0,547.8974358974359
2014,1,Subscriber,1,1936.0,40.0,526.575
2014,1,Subscriber,1,1937.0,1.0,351.0
2014,1,Subscriber,1,1938.0,46.0,1512.4130434782608
2014,1,Subscriber,1,1939.0,50.0,886.44
2014,1,Subscriber,1,1940.0,122.0,739.2704918032787
2014,1,Subscriber,1,1941.0,203.0,759.2413793103449
2014,1,Subscriber,1,1942.0,280.0,777.9
2014,1,Subscriber,1,1943.0,175.0,617.96
2014,1,Subscriber,1,1944.0,328.0,680.6341463414634
2014,1,Subscriber,1,1945.0,290.0,670.448275862069
2014,1,Subscriber,1,1946.0,494.0,655.1720647773279
2014,1,Subscriber,1,1947.0,691.0,777.0795947901591
2014,1,Subscriber,1,1948.0,934.0,741.2259100642399
2014,1,Subscriber,1,1949.0,888.0,695.865990990991
2014,1,Subscriber,1,1950.0,929.0,705.1237890204521
2014,1,Subscriber,1,1951.0,1257.0,759.6157517899761
2014,1,Subscriber,1,1952.0,1472.0,736.6025815217391
2014,1,Subscriber,1,1953.0,2134.0,695.8017806935333
2014,1,Subscriber,1,1954.0,2114.0,689.2464522232734
2014,1,Subscriber,1,1955.0,2225.0,694.7640449438202
2014,1,Subscriber,1,1956.0,2589.0,722.375820780224
2014,1,Subscriber,1,1957.0,2458.0,710.6550040683483
2014,1,Subscriber,1,1958.0,3469.0,754.6866532141828
2014,1,Subscriber,1,1959.0,3218.0,732.4931634555625
2014,1,Subscriber,1,1960.0,3688.0,860.547180043384
2014,1,Subscriber,1,1961.0,3344.0,713.3044258373205
2014,1,Subscriber,1,1962.0,4081.0,674.0936045086988
2014,1,Subscriber,1,1963.0,5024.0,698.06150477707
2014,1,Subscriber,1,1964.0,5194.0,744.6838659992299
2014,1,Subscriber,1,1965.0,4489.0,689.3285809757184
2014,1,Subscriber,1,1966.0,4934.0,694.3613700851237
2014,1,Subscriber,1,1967.0,5785.0,647.7861711322386
2014,1,Subscriber,1,1968.0,5452.0,701.1718635363169
2014,1,Subscriber,1,1969.0,6439.0,670.9252989594657
2014,1,Subscriber,1,1970.0,6750.0,654.4299259259259
2014,1,Subscriber,1,1971.0,5937.0,650.2221660771434
2014,1,Subscriber,1,1972.0,5844.0,712.751711156742
2014,1,Subscriber,1,1973.0,5709.0,671.2919950954633
2014,1,Subscriber,1,1974.0,6747.0,660.9793982510746
2014,1,Subscriber,1,1975.0,5772.0,677.2449757449757
2014,1,Subscriber,1,1976.0,6384.0,647.8255012531329
2014,1,Subscriber,1,1977.0,6518.0,668.2463945995704
2014,1,Subscriber,1,1978.0,7935.0,631.640579710145
2014,1,Subscriber,1,1979.0,8338.0,659.2608539218038
2014,1,Subscriber,1,1980.0,8164.0,890.6066878980891
2014,1,Subscriber,1,1981.0,8849.0,604.4695445813086
2014,1,Subscriber,1,1982.0,8458.0,701.7947505320407
2014,1,Subscriber,1,1983.0,9511.0,634.001051414152
2014,1,Subscriber,1,1984.0,9678.0,734.5187022112007
2014,1,Subscriber,1,1985.0,8845.0,689.3909553420011
2014,1,Subscriber,1,1986.0,7531.0,647.5647324392511
2014,1,Subscriber,1,1987.0,7170.0,637.7451882845188
2014,1,Subscriber,1,1988.0,8006.0,727.1391456407695
2014,1,Subscriber,1,1989.0,6657.0,636.5343247709178
2014,1,Subscriber,1,1990.0,5372.0,602.5053983618764
2014,1,Subscriber,1,1991.0,2244.0,600.9010695187166
2014,1,Subscriber,1,1992.0,1344.0,616.8214285714286
2014,1,Subscriber,1,1993.0,1353.0,652.8625277161863
2014,1,Subscriber,1,1994.0,692.0,536.9075144508671
2014,1,Subscriber,1,1995.0,546.0,716.996336996337
2014,1,Subscriber,1,1996.0,358.0,682.2653631284916
2014,1,Subscriber,1,1997.0,309.0,799.6440129449838
2014,1,Subscriber,2,1926.0,8.0,753.25
2014,1,Subscriber,2,1929.0,2.0,789.5
2014,1,Subscriber,2,1931.0,1.0,365.0
2014,1,Subscriber,2,1932.0,6.0,473.0
2014,1,Subscriber,2,1936.0,10.0,402.7
2014,1,Subscriber,2,1938.0,10.0,573.5
2014,1,Subscriber,2,1939.0,5.0,1470.0
2014,1,Subscriber,2,1940.0,6.0,692.8333333333334
2014,1,Subscriber,2,1941.0,45.0,703.6666666666666
2014,1,Subscriber,2,1942.0,29.0,658.8965517241379
2014,1,Subscriber,2,1943.0,33.0,911.9090909090909
2014,1,Subscriber,2,1944.0,45.0,1178.2222222222222
2014,1,Subscriber,2,1945.0,71.0,635.9295774647887
2014,1,Subscriber,2,1946.0,40.0,2399.0
2014,1,Subscriber,2,1947.0,80.0,669.275
2014,1,Subscriber,2,1948.0,241.0,665.9502074688796
2014,1,Subscriber,2,1949.0,125.0,845.304
2014,1,Subscriber,2,1950.0,219.0,791.0410958904109
2014,1,Subscriber,2,1951.0,256.0,962.171875
2014,1,Subscriber,2,1952.0,169.0,707.1479289940828
2014,1,Subscriber,2,1953.0,356.0,713.3286516853933
2014,1,Subscriber,2,1954.0,549.0,1263.0109289617487
2014,1,Subscriber,2,1955.0,410.0,849.9756097560976
2014,1,Subscriber,2,1956.0,657.0,779.0152207001522
2014,1,Subscriber,2,1957.0,814.0,879.4029484029484
2014,1,Subscriber,2,1958.0,956.0,1273.8430962343095
2014,1,Subscriber,2,1959.0,673.0,806.2748885586924
2014,1,Subscriber,2,1960.0,1074.0,825.731843575419
2014,1,Subscriber,2,1961.0,777.0,781.7850707850707
2014,1,Subscriber,2,1962.0,1163.0,748.4531384350817
2014,1,Subscriber,2,1963.0,1127.0,750.8278615794144
2014,1,Subscriber,2,1964.0,860.0,1026.6418604651162
2014,1,Subscriber,2,1965.0,1063.0,773.6255879586078
2014,1,Subscriber,2,1966.0,911.0,971.4698133918771
2014,1,Subscriber,2,1967.0,1009.0,755.9207135777998
2014,1,Subscriber,2,1968.0,857.0,788.0886814469078
2014,1,Subscriber,2,1969.0,1232.0,1015.2451298701299
2014,1,Subscriber,2,1970.0,1710.0,712.7327485380117
2014,1,Subscriber,2,1971.0,1265.0,936.7723320158103
2014,1,Subscriber,2,1972.0,1271.0,709.2305271439811
2014,1,Subscriber,2,1973.0,1147.0,838.3260680034873
2014,1,Subscriber,2,1974.0,1465.0,683.9447098976109
2014,1,Subscriber,2,1975.0,1167.0,1190.35646958012
2014,1,Subscriber,2,1976.0,1209.0,718.7799834574029
2014,1,Subscriber,2,1977.0,1653.0,711.1506352087114
2014,1,Subscriber,2,1978.0,1619.0,808.1371216800494
2014,1,Subscriber,2,1979.0,1917.0,833.6442357850808
2014,1,Subscriber,2,1980.0,2299.0,800.5302305350152
2014,1,Subscriber,2,1981.0,2361.0,661.288860652266
2014,1,Subscriber,2,1982.0,2398.0,769.9120100083403
2014,1,Subscriber,2,1983.0,2462.0,739.2250203086921
2014,1,Subscriber,2,1984.0,2225.0,784.4440449438202
2014,1,Subscriber,2,1985.0,2699.0,788.919599851797
2014,1,Subscriber,2,1986.0,2531.0,684.2528644804426
2014,1,Subscriber,2,1987.0,2240.0,711.0736607142857
2014,1,Subscriber,2,1988.0,2140.0,938.9789719626168
2014,1,Subscriber,2,1989.0,1768.0,672.0056561085972
2014,1,Subscriber,2,1990.0,1484.0,1087.02897574124
2014,1,Subscriber,2,1991.0,827.0,705.6904474002419
2014,1,Subscriber,2,1992.0,412.0,666.3058252427185
2014,1,Subscriber,2,1993.0,255.0,719.035294117647
2014,1,Subscriber,2,1994.0,267.0,556.6142322097378
2014,1,Subscriber,2,1995.0,151.0,812.5761589403974
2014,1,Subscriber,2,1996.0,75.0,509.38666666666666
2014,1,Subscriber,2,1997.0,119.0,717.2016806722689
2014,2,Customer,0,1978.0,6717.0,1743.6526723239542
2014,2,Subscriber,0,1951.0,6.0,504.5
2014,2,Subscriber,0,1991.0,8.0,298.875
2014,2,Subscriber,1,1899.0,9.0,719.4444444444445
2014,2,Subscriber,1,1900.0,68.0,982.0294117647059
2014,2,Subscriber,1,1901.0,11.0,1330.6363636363637
2014,2,Subscriber,1,1907.0,5.0,574.8
2014,2,Subscriber,1,1910.0,4.0,1613.25
2014,2,Subscriber,1,1913.0,1.0,112.0
2014,2,Subscriber,1,1917.0,3.0,700.0
2014,2,Subscriber,1,1921.0,1.0,389.0
2014,2,Subscriber,1,1922.0,32.0,415.6875
2014,2,Subscriber,1,1927.0,2.0,533.0
2014,2,Subscriber,1,1932.0,1.0,1080.0
2014,2,Subscriber,1,1933.0,10.0,403.3
2014,2,Subscriber,1,1934.0,21.0,579.5714285714286
2014,2,Subscriber,1,1935.0,14.0,8503.5
2014,2,Subscriber,1,1936.0,31.0,463.51612903225805
2014,2,Subscriber,1,1937.0,24.0,709.2916666666666
2014,2,Subscriber,1,1938.0,70.0,1288.4571428571428
2014,2,Subscriber,1,1939.0,24.0,1174.4583333333333
2014,2,Subscriber,1,1940.0,83.0,662.7469879518072
2014,2,Subscriber,1,1941.0,148.0,850.4864864864865
2014,2,Subscriber,1,1942.0,173.0,818.9190751445087
2014,2,Subscriber,1,1943.0,108.0,1077.101851851852
2014,2,Subscriber,1,1944.0,277.0,3198.5884476534297
2014,2,Subscriber,1,1945.0,171.0,562.4502923976609
2014,2,Subscriber,1,1946.0,424.0,1084.7641509433963
2014,2,Subscriber,1,1947.0,391.0,709.3580562659846
2014,2,Subscriber,1,1948.0,664.0,1325.2816265060242
2014,2,Subscriber,1,1949.0,624.0,799.400641025641
2014,2,Subscriber,1,1950.0,738.0,1104.9918699186992
2014,2,Subscriber,1,1951.0,1006.0,959.9373757455269
2014,2,Subscriber,1,1952.0,1040.0,739.5865384615385
2014,2,Subscriber,1,1953.0,1474.0,861.9776119402985
2014,2,Subscriber,1,1954.0,1636.0,769.1522004889976
2014,2,Subscriber,1,1955.0,1568.0,886.5184948979592
2014,2,Subscriber,1,1956.0,1777.0,831.8643781654474
2014,2,Subscriber,1,1957.0,1676.0,936.0161097852028
2014,2,Subscriber,1,1958.0,2333.0,820.7672524646377
2014,2,Subscriber,1,1959.0,2281.0,1127.0552389302936
2014,2,Subscriber,1,1960.0,2679.0,897.5804404628593
2014,2,Subscriber,1,1961.0,2315.0,861.2198704103672
2014,2,Subscriber,1,1962.0,2808.0,751.4893162393163
2014,2,Subscriber,1,1963.0,3514.0,1000.3790552077405
2014,2,Subscriber,1,1964.0,3679.0,923.1383528132644
2014,2,Subscriber,1,1965.0,2957.0,887.8085897869462
2014,2,Subscriber,1,1966.0,3440.0,906.5023255813953
2014,2,Subscriber,1,1967.0,4016.0,707.8588147410359
2014,2,Subscriber,1,1968.0,3931.0,797.6204528109896
2014,2,Subscriber,1,1969.0,4557.0,779.6552556506474
2014,2,Subscriber,1,1970.0,4657.0,725.3407773244578
2014,2,Subscriber,1,1971.0,4132.0,783.7863020329138
2014,2,Subscriber,1,1972.0,4066.0,774.4402361042794
2014,2,Subscriber,1,1973.0,4097.0,901.9524041981938
2014,2,Subscriber,1,1974.0,4957.0,819.8535404478515
2014,2,Subscriber,1,1975.0,4185.0,903.8069295101553
2014,2,Subscriber,1,1976.0,4557.0,836.9019091507571
2014,2,Subscriber,1,1977.0,4817.0,910.8370354992734
2014,2,Subscriber,1,1978.0,5645.0,786.0334809565987
2014,2,Subscriber,1,1979.0,6433.0,771.4268614954143
2014,2,Subscriber,1,1980.0,6173.0,757.667260651223
2014,2,Subscriber,1,1981.0,6620.0,707.7758308157099
2014,2,Subscriber,1,1982.0,6244.0,816.5227418321589
2014,2,Subscriber,1,1983.0,6890.0,773.7878084179971
2014,2,Subscriber,1,1984.0,7348.0,723.1467065868263
2014,2,Subscriber,1,1985.0,7043.0,857.3835013488571
2014,2,Subscriber,1,1986.0,6147.0,775.8914917846104
2014,2,Subscriber,1,1987.0,5776.0,761.6826523545707
2014,2,Subscriber,1,1988.0,6449.0,725.4217708171809
2014,2,Subscriber,1,1989.0,5408.0,746.2751479289941
2014,2,Subscriber,1,1990.0,4541.0,743.2948689715921
2014,2,Subscriber,1,1991.0,2377.0,749.267984854859
2014,2,Subscriber,1,1992.0,1758.0,682.2906712172924
2014,2,Subscriber,1,1993.0,1398.0,1020.4492131616595
2014,2,Subscriber,1,1994.0,927.0,698.1564185544768
2014,2,Subscriber,1,1995.0,664.0,633.4698795180723
2014,2,Subscriber,1,1996.0,234.0,729.5598290598291
2014,2,Subscriber,1,1997.0,164.0,652.939024390244
2014,2,Subscriber,2,1926.0,5.0,864.6
2014,2,Subscriber,2,1932.0,7.0,504.0
2014,2,Subscriber,2,1938.0,5.0,698.4
2014,2,Subscriber,2,1939.0,19.0,1420.8947368421052
2014,2,Subscriber,2,1940.0,1.0,673.0
2014,2,Subscriber,2,1941.0,16.0,11565.375
2014,2,Subscriber,2,1942.0,9.0,545.5555555555555
2014,2,Subscriber,2,1943.0,22.0,732.9545454545455
2014,2,Subscriber,2,1944.0,34.0,1340.0
2014,2,Subscriber,2,1945.0,43.0,1021.1395348837209
2014,2,Subscriber,2,1946.0,30.0,621.9
2014,2,Subscriber,2,1947.0,60.0,600.8833333333333
2014,2,Subscriber,2,1948.0,143.0,769.3146853146853
2014,2,Subscriber,2,1949.0,101.0,982.5148514851485
2014,2,Subscriber,2,1950.0,152.0,794.9407894736842
2014,2,Subscriber,2,1951.0,146.0,1048.164383561644
2014,2,Subscriber,2,1952.0,143.0,939.1468531468531
2014,2,Subscriber,2,1953.0,301.0,766.594684385382
2014,2,Subscriber,2,1954.0,306.0,821.3137254901961
2014,2,Subscriber,2,1955.0,349.0,883.5472779369627
2014,2,Subscriber,2,1956.0,542.0,1094.1125461254612
2014,2,Subscriber,2,1957.0,562.0,1766.3790035587188
2014,2,Subscriber,2,1958.0,643.0,801.5707620528772
2014,2,Subscriber,2,1959.0,539.0,813.9851576994434
2014,2,Subscriber,2,1960.0,776.0,1215.2693298969073
2014,2,Subscriber,2,1961.0,432.0,1803.3726851851852
2014,2,Subscriber,2,1962.0,833.0,793.0480192076831
2014,2,Subscriber,2,1963.0,715.0,1099.8503496503497
2014,2,Subscriber,2,1964.0,570.0,709.6263157894737
2014,2,Subscriber,2,1965.0,687.0,1210.7903930131004
2014,2,Subscriber,2,1966.0,565.0,1044.7716814159292
2014,2,Subscriber,2,1967.0,634.0,817.6261829652997
2014,2,Subscriber,2,1968.0,545.0,742.1266055045871
2014,2,Subscriber,2,1969.0,898.0,936.4398663697104
2014,2,Subscriber,2,1970.0,1079.0,1079.9990732159406
2014,2,Subscriber,2,1971.0,791.0,1278.8558786346398
2014,2,Subscriber,2,1972.0,962.0,1371.5550935550937
2014,2,Subscriber,2,1973.0,877.0,811.3842645381984
2014,2,Subscriber,2,1974.0,891.0,749.4949494949495
2014,2,Subscriber,2,1975.0,699.0,777.618025751073
2014,2,Subscriber,2,1976.0,1022.0,832.8003913894324
2014,2,Subscriber,2,1977.0,1140.0,1135.0587719298246
2014,2,Subscriber,2,1978.0,1231.0,882.3290008123477
2014,2,Subscriber,2,1979.0,1338.0,991.8624813153962
2014,2,Subscriber,2,1980.0,1488.0,783.4462365591398
2014,2,Subscriber,2,1981.0,1588.0,884.4590680100756
2014,2,Subscriber,2,1982.0,1724.0,1213.1705336426915
2014,2,Subscriber,2,1983.0,1889.0,907.9258867125463
2014,2,Subscriber,2,1984.0,1791.0,1038.3310999441653
2014,2,Subscriber,2,1985.0,2262.0,1038.1732979664014
2014,2,Subscriber,2,1986.0,1962.0,1067.6967380224262
2014,2,Subscriber,2,1987.0,1696.0,828.8732311320755
2014,2,Subscriber,2,1988.0,1599.0,1011.4484052532833
2014,2,Subscriber,2,1989.0,1435.0,815.7783972125436
2014,2,Subscriber,2,1990.0,1156.0,1306.6461937716263
2014,2,Subscriber,2,1991.0,689.0,765.6835994194485
2014,2,Subscriber,2,1992.0,410.0,883.6731707317073
2014,2,Subscriber,2,1993.0,289.0,1015.0242214532872
2014,2,Subscriber,2,1994.0,288.0,628.4166666666666
2014,2,Subscriber,2,1995.0,163.0,901.6993865030674
2014,2,Subscriber,2,1996.0,100.0,668.24
2014,2,Subscriber,2,1997.0,87.0,974.080459770115
2014,3,Customer,0,1977.0,22881.0,1463.947773261658
2014,3,Customer,1,1977.0,1.0,696.0
2014,3,Subscriber,0,1951.0,3.0,340.0
2014,3,Subscriber,0,1988.0,17.0,580.8823529411765
2014,3,Subscriber,0,1991.0,13.0,366.46153846153845
2014,3,Subscriber,0,1996.0,11.0,3052.4545454545455
2014,3,Subscriber,1,1899.0,14.0,1026.4285714285713
2014,3,Subscriber,1,1900.0,137.0,1072.9270072992701
2014,3,Subscriber,1,1901.0,31.0,652.3870967741935
2014,3,Subscriber,1,1910.0,8.0,1477.125
2014,3,Subscriber,1,1913.0,2.0,1026.0
2014,3,Subscriber,1,1917.0,6.0,839.0
2014,3,Subscriber,1,1921.0,13.0,616.8461538461538
2014,3,Subscriber,1,1922.0,29.0,508.0344827586207
2014,3,Subscriber,1,1927.0,5.0,560.0
2014,3,Subscriber,1,1933.0,22.0,468.8636363636364
2014,3,Subscriber,1,1934.0,52.0,331.8269230769231
2014,3,Subscriber,1,1935.0,41.0,502.0731707317073
2014,3,Subscriber,1,1936.0,63.0,713.4126984126984
2014,3,Subscriber,1,1937.0,43.0,571.6976744186046
2014,3,Subscriber,1,1938.0,143.0,944.5384615384615
2014,3,Subscriber,1,1939.0,55.0,751.9272727272727
2014,3,Subscriber,1,1940.0,129.0,638.1860465116279
2014,3,Subscriber,1,1941.0,362.0,888.0718232044198
2014,3,Subscriber,1,1942.0,374.0,796.9598930481284
2014,3,Subscriber,1,1943.0,229.0,725.0043668122271
2014,3,Subscriber,1,1944.0,586.0,650.6092150170648
2014,3,Subscriber,1,1945.0,457.0,629.964989059081
2014,3,Subscriber,1,1946.0,708.0,717.2161016949152
2014,3,Subscriber,1,1947.0,729.0,760.4759945130315
2014,3,Subscriber,1,1948.0,1283.0,734.0561184723305
2014,3,Subscriber,1,1949.0,1145.0,800.2585152838428
2014,3,Subscriber,1,1950.0,1335.0,772.5812734082397
2014,3,Subscriber,1,1951.0,1970.0,748.3040609137056
2014,3,Subscriber,1,1952.0,1996.0,755.3642284569138
2014,3,Subscriber,1,1953.0,2910.0,699.7896907216494
2014,3,Subscriber,1,1954.0,2821.0,693.4526763559022
2014,3,Subscriber,1,1955.0,3033.0,680.5572040883613
2014,3,Subscriber,1,1956.0,3323.0,715.775504062594
2014,3,Subscriber,1,1957.0,3487.0,718.2747347289934
2014,3,Subscriber,1,1958.0,4116.0,716.3294460641399
2014,3,Subscriber,1,1959.0,4352.0,691.0859375
2014,3,Subscriber,1,1960.0,5364.0,691.8648396718867
2014,3,Subscriber,1,1961.0,4744.0,693.6715851602023
2014,3,Subscriber,1,1962.0,5666.0,689.532297917402
2014,3,Subscriber,1,1963.0,6652.0,693.1667167769092
2014,3,Subscriber,1,1964.0,6915.0,706.3295733911785
2014,3,Subscriber,1,1965.0,5839.0,668.6859051207399
2014,3,Subscriber,1,1966.0,6744.0,680.9080664294188
2014,3,Subscriber,1,1967.0,7748.0,630.1889519876097
2014,3,Subscriber,1,1968.0,7188.0,646.1277128547579
2014,3,Subscriber,1,1969.0,9004.0,657.3371834740116
2014,3,Subscriber,1,1970.0,8767.0,677.7252195734003
2014,3,Subscriber,1,1971.0,8027.0,637.4411361654417
2014,3,Subscriber,1,1972.0,7872.0,656.3603912601626
2014,3,Subscriber,1,1973.0,7815.0,672.4849648112604
2014,3,Subscriber,1,1974.0,9121.0,640.9768665716479
2014,3,Subscriber,1,1975.0,8075.0,636.5813003095975
2014,3,Subscriber,1,1976.0,9226.0,656.1171688705831
2014,3,Subscriber,1,1977.0,9636.0,670.5266708177667
2014,3,Subscriber,1,1978.0,10672.0,636.5508808095952
2014,3,Subscriber,1,1979.0,11302.0,637.9330207043001
2014,3,Subscriber,1,1980.0,11282.0,651.9516929622407
2014,3,Subscriber,1,1981.0,12135.0,624.9291306139266
2014,3,Subscriber,1,1982.0,12174.0,664.7594052899622
2014,3,Subscriber,1,1983.0,13169.0,634.8973346495558
2014,3,Subscriber,1,1984.0,13371.0,633.6728741305811
2014,3,Subscriber,1,1985.0,12794.0,624.0193059246521
2014,3,Subscriber,1,1986.0,11708.0,615.9366245302357
2014,3,Subscriber,1,1987.0,10791.0,632.8192011861737
2014,3,Subscriber,1,1988.0,11137.0,608.3199245757386
2014,3,Subscriber,1,1989.0,9740.0,598.8596509240247
2014,3,Subscriber,1,1990.0,8019.0,623.0799351540093
2014,3,Subscriber,1,1991.0,4209.0,632.8652886671418
2014,3,Subscriber,1,1992.0,2431.0,576.8539695598519
2014,3,Subscriber,1,1993.0,2006.0,552.463110667996
2014,3,Subscriber,1,1994.0,1257.0,550.2100238663485
2014,3,Subscriber,1,1995.0,1134.0,689.6278659611993
2014,3,Subscriber,1,1996.0,457.0,689.2954048140044
2014,3,Subscriber,1,1997.0,361.0,704.2742382271468
2014,3,Subscriber,1,1998.0,6.0,3045.6666666666665
2014,3,Subscriber,2,1900.0,4.0,1110.0
2014,3,Subscriber,2,1924.0,11.0,406.3636363636364
2014,3,Subscriber,2,1926.0,11.0,1092.3636363636363
2014,3,Subscriber,2,1929.0,1.0,658.0
2014,3,Subscriber,2,1932.0,18.0,682.8888888888889
2014,3,Subscriber,2,1938.0,4.0,599.75
2014,3,Subscriber,2,1939.0,10.0,1321.5
2014,3,Subscriber,2,1940.0,9.0,959.3333333333334
2014,3,Subscriber,2,1941.0,40.0,549.1
2014,3,Subscriber,2,1942.0,89.0,727.1910112359551
2014,3,Subscriber,2,1943.0,67.0,730.0298507462686
2014,3,Subscriber,2,1944.0,88.0,1378.5113636363637
2014,3,Subscriber,2,1945.0,105.0,893.2380952380952
2014,3,Subscriber,2,1946.0,50.0,847.8
2014,3,Subscriber,2,1947.0,156.0,743.4871794871794
2014,3,Subscriber,2,1948.0,258.0,740.8178294573644
2014,3,Subscriber,2,1949.0,182.0,776.5384615384615
2014,3,Subscriber,2,1950.0,232.0,751.0818965517242
2014,3,Subscriber,2,1951.0,377.0,906.5437665782493
2014,3,Subscriber,2,1952.0,313.0,757.482428115016
2014,3,Subscriber,2,1953.0,512.0,806.544921875
2014,3,Subscriber,2,1954.0,750.0,780.3186666666667
2014,3,Subscriber,2,1955.0,662.0,785.6057401812689
2014,3,Subscriber,2,1956.0,889.0,778.8987626546682
2014,3,Subscriber,2,1957.0,1237.0,787.6911883589329
2014,3,Subscriber,2,1958.0,1179.0,793.0619168787108
2014,3,Subscriber,2,1959.0,1030.0,805.2660194174757
2014,3,Subscriber,2,1960.0,1443.0,836.1046431046431
2014,3,Subscriber,2,1961.0,1058.0,766.3308128544423
2014,3,Subscriber,2,1962.0,1640.0,742.25
2014,3,Subscriber,2,1963.0,1392.0,733.3469827586207
2014,3,Subscriber,2,1964.0,1124.0,730.923487544484
2014,3,Subscriber,2,1965.0,1605.0,804.2953271028038
2014,3,Subscriber,2,1966.0,1432.0,844.6215083798883
2014,3,Subscriber,2,1967.0,1346.0,783.6664190193165
2014,3,Subscriber,2,1968.0,1210.0,749.2231404958678
2014,3,Subscriber,2,1969.0,1733.0,735.0190421234853
2014,3,Subscriber,2,1970.0,2251.0,762.0613060861839
2014,3,Subscriber,2,1971.0,1750.0,762.3908571428572
2014,3,Subscriber,2,1972.0,1884.0,738.6289808917197
2014,3,Subscriber,2,1973.0,1687.0,798.0580912863071
2014,3,Subscriber,2,1974.0,1788.0,704.0246085011186
2014,3,Subscriber,2,1975.0,1599.0,720.0387742338962
2014,3,Subscriber,2,1976.0,2102.0,689.4348239771646
2014,3,Subscriber,2,1977.0,2440.0,738.7274590163935
2014,3,Subscriber,2,1978.0,2538.0,742.612293144208
2014,3,Subscriber,2,1979.0,2911.0,738.3222260391618
2014,3,Subscriber,2,1980.0,3228.0,722.2961586121437
2014,3,Subscriber,2,1981.0,3259.0,741.2644983123657
2014,3,Subscriber,2,1982.0,3578.0,768.9793180547792
2014,3,Subscriber,2,1983.0,3648.0,735.4882127192982
2014,3,Subscriber,2,1984.0,3702.0,764.7641815235008
2014,3,Subscriber,2,1985.0,4351.0,761.1392783268215
2014,3,Subscriber,2,1986.0,3830.0,768.413315926893
2014,3,Subscriber,2,1987.0,3811.0,735.0734715297822
2014,3,Subscriber,2,1988.0,3664.0,778.2781113537118
2014,3,Subscriber,2,1989.0,2947.0,772.79776043434
2014,3,Subscriber,2,1990.0,2490.0,755.1377510040161
2014,3,Subscriber,2,1991.0,1411.0,774.1105598866052
2014,3,Subscriber,2,1992.0,869.0,598.674338319908
2014,3,Subscriber,2,1993.0,540.0,761.0777777777778
2014,3,Subscriber,2,1994.0,469.0,579.0106609808103
2014,3,Subscriber,2,1995.0,240.0,839.3458333333333
2014,3,Subscriber,2,1996.0,231.0,636.5627705627705
2014,3,Subscriber,2,1997.0,139.0,715.1798561151079
2014,4,Customer,0,1978.0,63043.0,1620.2990974414288
2014,4,Customer,0,1996.0,4.0,5101.5
2014,4,Subscriber,0,1951.0,24.0,426.9166666666667
2014,4,Subscriber,0,1973.0,1.0,251.0
2014,4,Subscriber,0,1988.0,7.0,706.1428571428571
2014,4,Subscriber,0,1991.0,2.0,797.5
2014,4,Subscriber,0,1996.0,31.0,2179.2258064516127
2014,4,Subscriber,1,1899.0,38.0,676.5263157894736
2014,4,Subscriber,1,1900.0,198.0,1060.1818181818182
2014,4,Subscriber,1,1901.0,64.0,663.9375
2014,4,Subscriber,1,1907.0,3.0,1053.6666666666667
2014,4,Subscriber,1,1910.0,7.0,659.7142857142857
2014,4,Subscriber,1,1917.0,11.0,1355.2727272727273
2014,4,Subscriber,1,1920.0,1.0,385.0
2014,4,Subscriber,1,1921.0,14.0,609.8571428571429
2014,4,Subscriber,1,1922.0,5.0,579.4
2014,4,Subscriber,1,1933.0,45.0,480.75555555555553
2014,4,Subscriber,1,1934.0,53.0,728.5471698113207
2014,4,Subscriber,1,1935.0,73.0,660.8219178082192
2014,4,Subscriber,1,1936.0,50.0,683.58
2014,4,Subscriber,1,1937.0,27.0,890.4814814814815
2014,4,Subscriber,1,1938.0,146.0,1073.9520547945206
2014,4,Subscriber,1,1939.0,72.0,909.7638888888889
2014,4,Subscriber,1,1940.0,274.0,703.8868613138686
2014,4,Subscriber,1,1941.0,408.0,919.0196078431372
2014,4,Subscriber,1,1942.0,559.0,923.5635062611807
2014,4,Subscriber,1,1943.0,356.0,827.4550561797753
2014,4,Subscriber,1,1944.0,661.0,769.4795763993949
2014,4,Subscriber,1,1945.0,686.0,775.4344023323615
2014,4,Subscriber,1,1946.0,853.0,783.3305978898007
2014,4,Subscriber,1,1947.0,1155.0,783.4770562770562
2014,4,Subscriber,1,1948.0,1617.0,778.5862708719851
2014,4,Subscriber,1,1949.0,1464.0,868.8927595628415
2014,4,Subscriber,1,1950.0,1876.0,798.8331556503198
2014,4,Subscriber,1,1951.0,2381.0,877.590088198236
2014,4,Subscriber,1,1952.0,2665.0,779.6382739212007
2014,4,Subscriber,1,1953.0,3870.0,784.3948320413436
2014,4,Subscriber,1,1954.0,4062.0,743.5763170851798
2014,4,Subscriber,1,1955.0,3995.0,729.8413016270338
2014,4,Subscriber,1,1956.0,4446.0,753.9858299595141
2014,4,Subscriber,1,1957.0,5030.0,769.9435387673956
2014,4,Subscriber,1,1958.0,5327.0,748.5496527125962
2014,4,Subscriber,1,1959.0,5961.0,755.463009562154
2014,4,Subscriber,1,1960.0,6903.0,735.5236853541938
2014,4,Subscriber,1,1961.0,6410.0,750.8627145085803
2014,4,Subscriber,1,1962.0,7815.0,756.1131158029431
2014,4,Subscriber,1,1963.0,9039.0,760.3301250138289
2014,4,Subscriber,1,1964.0,9308.0,757.4198538891276
2014,4,Subscriber,1,1965.0,8449.0,715.7296721505504
2014,4,Subscriber,1,1966.0,9195.0,741.2162044589451
2014,4,Subscriber,1,1967.0,10467.0,699.4080443297984
2014,4,Subscriber,1,1968.0,9854.0,722.6520194844733
2014,4,Subscriber,1,1969.0,12040.0,716.516196013289
2014,4,Subscriber,1,1970.0,12279.0,734.3807313299128
2014,4,Subscriber,1,1971.0,11004.0,691.2380952380952
2014,4,Subscriber,1,1972.0,10786.0,732.5508066011496
2014,4,Subscriber,1,1973.0,11612.0,724.6782638649672
2014,4,Subscriber,1,1974.0,12950.0,734.2049420849421
2014,4,Subscriber,1,1975.0,11997.0,716.5541385346337
2014,4,Subscriber,1,1976.0,13163.0,733.3398921218567
2014,4,Subscriber,1,1977.0,13606.0,732.5061737468764
2014,4,Subscriber,1,1978.0,14852.0,706.6461082682467
2014,4,Subscriber,1,1979.0,15957.0,728.7997117252617
2014,4,Subscriber,1,1980.0,16430.0,726.4609251369446
2014,4,Subscriber,1,1981.0,17805.0,712.5926425161472
2014,4,Subscriber,1,1982.0,17580.0,741.4118885096701
2014,4,Subscriber,1,1983.0,19554.0,705.0548225427023
2014,4,Subscriber,1,1984.0,20072.0,716.2292247907533
2014,4,Subscriber,1,1985.0,19136.0,716.9271007525084
2014,4,Subscriber,1,1986.0,17556.0,716.9853041695147
2014,4,Subscriber,1,1987.0,16647.0,700.4459061692797
2014,4,Subscriber,1,1988.0,16572.0,690.4367004586048
2014,4,Subscriber,1,1989.0,14658.0,671.5411379451494
2014,4,Subscriber,1,1990.0,13203.0,689.6317503597667
2014,4,Subscriber,1,1991.0,6326.0,696.6610812519759
2014,4,Subscriber,1,1992.0,3604.0,624.1229189789124
2014,4,Subscriber,1,1993.0,3425.0,588.2624817518248
2014,4,Subscriber,1,1994.0,1979.0,572.0682162708439
2014,4,Subscriber,1,1995.0,1528.0,849.1230366492147
2014,4,Subscriber,1,1996.0,562.0,778.085409252669
2014,4,Subscriber,1,1997.0,534.0,764.5749063670412
2014,4,Subscriber,1,1998.0,85.0,463.32941176470587
2014,4,Subscriber,2,1900.0,5.0,1112.6
2014,4,Subscriber,2,1924.0,15.0,778.8666666666667
2014,4,Subscriber,2,1926.0,21.0,721.0952380952381
2014,4,Subscriber,2,1929.0,1.0,1761.0
2014,4,Subscriber,2,1931.0,1.0,1855.0
2014,4,Subscriber,2,1932.0,17.0,572.0588235294117
2014,4,Subscriber,2,1936.0,2.0,468.0
2014,4,Subscriber,2,1938.0,17.0,788.2941176470588
2014,4,Subscriber,2,1939.0,15.0,1282.4
2014,4,Subscriber,2,1940.0,14.0,1343.5714285714287
2014,4,Subscriber,2,1941.0,98.0,1030.1224489795918
2014,4,Subscriber,2,1942.0,75.0,856.72
2014,4,Subscriber,2,1943.0,90.0,792.7
2014,4,Subscriber,2,1944.0,104.0,908.7692307692307
2014,4,Subscriber,2,1945.0,118.0,1098.7711864406779
2014,4,Subscriber,2,1946.0,65.0,992.9692307692308
2014,4,Subscriber,2,1947.0,266.0,859.0563909774436
2014,4,Subscriber,2,1948.0,280.0,963.8142857142857
2014,4,Subscriber,2,1949.0,289.0,1051.508650519031
2014,4,Subscriber,2,1950.0,393.0,859.4452926208652
2014,4,Subscriber,2,1951.0,588.0,841.8061224489796
2014,4,Subscriber,2,1952.0,440.0,871.5772727272728
2014,4,Subscriber,2,1953.0,707.0,874.4526166902405
2014,4,Subscriber,2,1954.0,976.0,892.8780737704918
2014,4,Subscriber,2,1955.0,953.0,907.3850996852046
2014,4,Subscriber,2,1956.0,1180.0,863.5983050847458
2014,4,Subscriber,2,1957.0,1667.0,860.6448710257948
2014,4,Subscriber,2,1958.0,1730.0,850.1225433526012
2014,4,Subscriber,2,1959.0,1669.0,816.2546434991012
2014,4,Subscriber,2,1960.0,1941.0,937.8495620814014
2014,4,Subscriber,2,1961.0,1711.0,898.5821157218002
2014,4,Subscriber,2,1962.0,2234.0,821.9923903312445
2014,4,Subscriber,2,1963.0,2152.0,824.9316914498141
2014,4,Subscriber,2,1964.0,1947.0,836.8007190549563
2014,4,Subscriber,2,1965.0,2619.0,860.3302787323406
2014,4,Subscriber,2,1966.0,2107.0,893.8917892738491
2014,4,Subscriber,2,1967.0,2220.0,878.8725225225226
2014,4,Subscriber,2,1968.0,1957.0,823.969851814001
2014,4,Subscriber,2,1969.0,2538.0,871.3388494877856
2014,4,Subscriber,2,1970.0,3274.0,842.1148442272449
2014,4,Subscriber,2,1971.0,2563.0,836.8002341006633
2014,4,Subscriber,2,1972.0,2913.0,840.0665980089256
2014,4,Subscriber,2,1973.0,2587.0,885.2056436026286
2014,4,Subscriber,2,1974.0,2778.0,819.7339812814974
2014,4,Subscriber,2,1975.0,2564.0,869.3748049921996
2014,4,Subscriber,2,1976.0,3039.0,843.1490621915103
2014,4,Subscriber,2,1977.0,3790.0,841.2316622691293
2014,4,Subscriber,2,1978.0,4273.0,856.1345658787737
2014,4,Subscriber,2,1979.0,4239.0,873.0485963670677
2014,4,Subscriber,2,1980.0,5107.0,816.7407479929509
2014,4,Subscriber,2,1981.0,5390.0,850.20853432282
2014,4,Subscriber,2,1982.0,5858.0,855.334755889382
2014,4,Subscriber,2,1983.0,5924.0,821.5504726536125
2014,4,Subscriber,2,1984.0,6333.0,830.2400126322437
2014,4,Subscriber,2,1985.0,6905.0,818.8622737146995
2014,4,Subscriber,2,1986.0,6322.0,844.2515026890225
2014,4,Subscriber,2,1987.0,5899.0,809.4765214443125
2014,4,Subscriber,2,1988.0,5766.0,856.5607006590358
2014,4,Subscriber,2,1989.0,5211.0,866.2682786413357
2014,4,Subscriber,2,1990.0,3998.0,857.5190095047524
2014,4,Subscriber,2,1991.0,2544.0,844.8215408805031
2014,4,Subscriber,2,1992.0,1425.0,710.5017543859649
2014,4,Subscriber,2,1993.0,903.0,676.9435215946844
2014,4,Subscriber,2,1994.0,735.0,685.043537414966
2014,4,Subscriber,2,1995.0,293.0,926.4948805460751
2014,4,Subscriber,2,1996.0,242.0,784.6735537190083
2014,4,Subscriber,2,1997.0,163.0,764.8957055214723
2014,4,Subscriber,2,1998.0,13.0,605.1538461538462
2014,5,Customer,0,1978.0,107545.0,1579.043544562741
2014,5,Customer,1,1978.0,3.0,647.3333333333334
2014,5,Customer,1,1979.0,1.0,9653.0
2014,5,Customer,2,1981.0,2.0,933.5
2014,5,Subscriber,0,1951.0,24.0,582.0416666666666
2014,5,Subscriber,0,1973.0,3.0,592.6666666666666
2014,5,Subscriber,0,1991.0,4.0,1755.75
2014,5,Subscriber,0,1996.0,35.0,1383.2
2014,5,Subscriber,1,1899.0,51.0,873.0784313725491
2014,5,Subscriber,1,1900.0,238.0,1021.6680672268908
2014,5,Subscriber,1,1901.0,73.0,623.3698630136986
2014,5,Subscriber,1,1907.0,6.0,691.5
2014,5,Subscriber,1,1910.0,42.0,1187.1190476190477
2014,5,Subscriber,1,1913.0,1.0,810.0
2014,5,Subscriber,1,1917.0,13.0,1176.923076923077
2014,5,Subscriber,1,1920.0,2.0,270.0
2014,5,Subscriber,1,1921.0,39.0,594.0769230769231
2014,5,Subscriber,1,1922.0,11.0,437.09090909090907
2014,5,Subscriber,1,1927.0,2.0,747.5
2014,5,Subscriber,1,1930.0,2.0,1671.5
2014,5,Subscriber,1,1932.0,7.0,879.5714285714286
2014,5,Subscriber,1,1933.0,24.0,379.0
2014,5,Subscriber,1,1934.0,27.0,722.7037037037037
2014,5,Subscriber,1,1935.0,101.0,965.4059405940594
2014,5,Subscriber,1,1936.0,56.0,639.5714285714286
2014,5,Subscriber,1,1937.0,56.0,815.9107142857143
2014,5,Subscriber,1,1938.0,192.0,1223.328125
2014,5,Subscriber,1,1939.0,104.0,1000.3653846153846
2014,5,Subscriber,1,1940.0,296.0,735.7094594594595
2014,5,Subscriber,1,1941.0,552.0,950.3097826086956
2014,5,Subscriber,1,1942.0,673.0,888.5274888558693
2014,5,Subscriber,1,1943.0,409.0,1104.8312958435208
2014,5,Subscriber,1,1944.0,712.0,852.1629213483146
2014,5,Subscriber,1,1945.0,871.0,813.1239954075775
2014,5,Subscriber,1,1946.0,993.0,769.5045317220544
2014,5,Subscriber,1,1947.0,1347.0,837.720861172977
2014,5,Subscriber,1,1948.0,1802.0,796.4156492785794
2014,5,Subscriber,1,1949.0,1783.0,871.0802019068985
2014,5,Subscriber,1,1950.0,2325.0,832.4043010752688
2014,5,Subscriber,1,1951.0,3057.0,880.4013738959765
2014,5,Subscriber,1,1952.0,2999.0,795.9393131043681
2014,5,Subscriber,1,1953.0,4400.0,822.7047727272727
2014,5,Subscriber,1,1954.0,4366.0,774.5737517178195
2014,5,Subscriber,1,1955.0,4719.0,757.3180758635305
2014,5,Subscriber,1,1956.0,5656.0,780.7959688826026
2014,5,Subscriber,1,1957.0,5716.0,770.4748075577327
2014,5,Subscriber,1,1958.0,6535.0,784.1060443764346
2014,5,Subscriber,1,1959.0,6914.0,784.9326005206826
2014,5,Subscriber,1,1960.0,8603.0,752.0275485295828
2014,5,Subscriber,1,1961.0,7844.0,762.0670576236614
2014,5,Subscriber,1,1962.0,9547.0,773.2822876296219
2014,5,Subscriber,1,1963.0,10423.0,783.0790559339921
2014,5,Subscriber,1,1964.0,11487.0,790.0032210324715
2014,5,Subscriber,1,1965.0,10028.0,758.3411447945751
2014,5,Subscriber,1,1966.0,11088.0,780.9791666666666
2014,5,Subscriber,1,1967.0,12040.0,722.7532392026578
2014,5,Subscriber,1,1968.0,12606.0,738.5180866254165
2014,5,Subscriber,1,1969.0,14326.0,741.4785006282284
2014,5,Subscriber,1,1970.0,15207.0,754.9581113960676
2014,5,Subscriber,1,1971.0,13900.0,727.9807194244604
2014,5,Subscriber,1,1972.0,13493.0,766.5628103461054
2014,5,Subscriber,1,1973.0,14094.0,753.226124592025
2014,5,Subscriber,1,1974.0,15698.0,766.7055675882278
2014,5,Subscriber,1,1975.0,15098.0,727.5158299112466
2014,5,Subscriber,1,1976.0,16654.0,772.3292902605981
2014,5,Subscriber,1,1977.0,16660.0,760.8276710684273
2014,5,Subscriber,1,1978.0,18471.0,742.0025445292621
2014,5,Subscriber,1,1979.0,19585.0,748.6652540209344
2014,5,Subscriber,1,1980.0,20306.0,747.7558849601103
2014,5,Subscriber,1,1981.0,22544.0,747.4061834634492
2014,5,Subscriber,1,1982.0,22583.0,759.4332019660807
2014,5,Subscriber,1,1983.0,24311.0,736.1498909958455
2014,5,Subscriber,1,1984.0,24651.0,750.3052208835342
2014,5,Subscriber,1,1985.0,24867.0,743.6221096231955
2014,5,Subscriber,1,1986.0,22009.0,730.0965514107864
2014,5,Subscriber,1,1987.0,21229.0,736.4705355881106
2014,5,Subscriber,1,1988.0,20243.0,713.8676579558365
2014,5,Subscriber,1,1989.0,19168.0,723.8739044240401
2014,5,Subscriber,1,1990.0,16257.0,708.583871563019
2014,5,Subscriber,1,1991.0,8164.0,694.2582067613914
2014,5,Subscriber,1,1992.0,4188.0,641.8997134670487
2014,5,Subscriber,1,1993.0,3622.0,622.2907233572612
2014,5,Subscriber,1,1994.0,1959.0,673.7366003062787
2014,5,Subscriber,1,1995.0,1645.0,818.0231003039514
2014,5,Subscriber,1,1996.0,889.0,752.3723284589427
2014,5,Subscriber,1,1997.0,912.0,762.8848684210526
2014,5,Subscriber,1,1998.0,121.0,776.3305785123966
2014,5,Subscriber,2,1900.0,5.0,924.8
2014,5,Subscriber,2,1924.0,10.0,755.5
2014,5,Subscriber,2,1926.0,21.0,842.2857142857143
2014,5,Subscriber,2,1929.0,1.0,504.0
2014,5,Subscriber,2,1931.0,1.0,1156.0
2014,5,Subscriber,2,1932.0,27.0,527.8148148148148
2014,5,Subscriber,2,1936.0,2.0,1739.5
2014,5,Subscriber,2,1937.0,1.0,2256.0
2014,5,Subscriber,2,1938.0,27.0,1135.888888888889
2014,5,Subscriber,2,1939.0,7.0,1647.7142857142858
2014,5,Subscriber,2,1940.0,9.0,973.6666666666666
2014,5,Subscriber,2,1941.0,100.0,908.47
2014,5,Subscriber,2,1942.0,95.0,866.6315789473684
2014,5,Subscriber,2,1943.0,102.0,905.5490196078431
2014,5,Subscriber,2,1944.0,106.0,1118.7735849056603
2014,5,Subscriber,2,1945.0,214.0,1166.1448598130842
2014,5,Subscriber,2,1946.0,103.0,1146.7766990291261
2014,5,Subscriber,2,1947.0,257.0,918.2762645914397
2014,5,Subscriber,2,1948.0,351.0,812.4586894586895
2014,5,Subscriber,2,1949.0,315.0,976.3047619047619
2014,5,Subscriber,2,1950.0,571.0,881.3677758318739
2014,5,Subscriber,2,1951.0,719.0,952.1265646731572
2014,5,Subscriber,2,1952.0,596.0,961.1057046979865
2014,5,Subscriber,2,1953.0,881.0,932.0204313280364
2014,5,Subscriber,2,1954.0,1388.0,952.1023054755043
2014,5,Subscriber,2,1955.0,1200.0,959.8233333333334
2014,5,Subscriber,2,1956.0,1539.0,966.074074074074
2014,5,Subscriber,2,1957.0,2014.0,891.1271102284012
2014,5,Subscriber,2,1958.0,2141.0,883.3886034563288
2014,5,Subscriber,2,1959.0,2298.0,876.3955613577024
2014,5,Subscriber,2,1960.0,2585.0,916.2363636363636
2014,5,Subscriber,2,1961.0,2225.0,917.3838202247191
2014,5,Subscriber,2,1962.0,2941.0,881.9126147568854
2014,5,Subscriber,2,1963.0,2589.0,858.5766705291618
2014,5,Subscriber,2,1964.0,2331.0,900.9154869154869
2014,5,Subscriber,2,1965.0,3188.0,882.2983061480552
2014,5,Subscriber,2,1966.0,2793.0,917.1231650554959
2014,5,Subscriber,2,1967.0,2999.0,872.2050683561187
2014,5,Subscriber,2,1968.0,2849.0,876.3074763074763
2014,5,Subscriber,2,1969.0,3434.0,922.4344787419918
2014,5,Subscriber,2,1970.0,4096.0,875.81884765625
2014,5,Subscriber,2,1971.0,3475.0,868.3315107913669
2014,5,Subscriber,2,1972.0,3720.0,865.5228494623656
2014,5,Subscriber,2,1973.0,3555.0,878.5819971870604
2014,5,Subscriber,2,1974.0,3647.0,858.9945160405813
2014,5,Subscriber,2,1975.0,3300.0,917.1887878787879
2014,5,Subscriber,2,1976.0,3872.0,930.0831611570248
2014,5,Subscriber,2,1977.0,5066.0,895.8511646269246
2014,5,Subscriber,2,1978.0,5399.0,890.1787368031116
2014,5,Subscriber,2,1979.0,5876.0,888.3858066712049
2014,5,Subscriber,2,1980.0,6349.0,892.034021105686
2014,5,Subscriber,2,1981.0,6618.0,896.8757932910245
2014,5,Subscriber,2,1982.0,7486.0,895.458589366818
2014,5,Subscriber,2,1983.0,7911.0,880.5780558715712
2014,5,Subscriber,2,1984.0,8257.0,886.1039118323846
2014,5,Subscriber,2,1985.0,8933.0,866.220306727863
2014,5,Subscriber,2,1986.0,8140.0,856.3906633906633
2014,5,Subscriber,2,1987.0,7911.0,859.9895082796106
2014,5,Subscriber,2,1988.0,7403.0,876.9858165608537
2014,5,Subscriber,2,1989.0,6861.0,883.1096050138464
2014,5,Subscriber,2,1990.0,5470.0,879.2411334552103
2014,5,Subscriber,2,1991.0,3505.0,861.9363766048502
2014,5,Subscriber,2,1992.0,1925.0,825.3532467532467
2014,5,Subscriber,2,1993.0,1197.0,781.6115288220551
2014,5,Subscriber,2,1994.0,746.0,668.4436997319035
2014,5,Subscriber,2,1995.0,416.0,950.0408653846154
2014,5,Subscriber,2,1996.0,421.0,747.3301662707838
2014,5,Subscriber,2,1997.0,185.0,728.7189189189189
2014,5,Subscriber,2,1998.0,33.0,635.6060606060606
2014,6,Customer,0,1979.0,118189.0,1538.5590452580188
2014,6,Customer,1,1979.0,8.0,1080.25
2014,6,Customer,2,1955.0,8.0,775.375
2014,6,Subscriber,0,1951.0,21.0,424.6666666666667
2014,6,Subscriber,0,1991.0,6.0,1167.1666666666667
2014,6,Subscriber,0,1996.0,136.0,1043.360294117647
2014,6,Subscriber,1,1899.0,34.0,919.4705882352941
2014,6,Subscriber,1,1900.0,280.0,933.3535714285714
2014,6,Subscriber,1,1901.0,66.0,734.2575757575758
2014,6,Subscriber,1,1907.0,9.0,556.6666666666666
2014,6,Subscriber,1,1910.0,26.0,1064.9615384615386
2014,6,Subscriber,1,1917.0,16.0,968.5625
2014,6,Subscriber,1,1920.0,4.0,806.75
2014,6,Subscriber,1,1921.0,22.0,413.6363636363636
2014,6,Subscriber,1,1922.0,19.0,738.5263157894736
2014,6,Subscriber,1,1926.0,2.0,596.0
2014,6,Subscriber,1,1930.0,5.0,1883.0
2014,6,Subscriber,1,1932.0,2.0,1072.0
2014,6,Subscriber,1,1933.0,33.0,347.8484848484849
2014,6,Subscriber,1,1934.0,35.0,633.3428571428572
2014,6,Subscriber,1,1935.0,55.0,557.1272727272727
2014,6,Subscriber,1,1936.0,100.0,862.8
2014,6,Subscriber,1,1937.0,44.0,1004.1590909090909
2014,6,Subscriber,1,1938.0,152.0,1134.796052631579
2014,6,Subscriber,1,1939.0,111.0,1091.5855855855855
2014,6,Subscriber,1,1940.0,275.0,680.4290909090909
2014,6,Subscriber,1,1941.0,593.0,787.8128161888701
2014,6,Subscriber,1,1942.0,670.0,961.9477611940298
2014,6,Subscriber,1,1943.0,409.0,893.2102689486553
2014,6,Subscriber,1,1944.0,660.0,912.8015151515151
2014,6,Subscriber,1,1945.0,820.0,770.6146341463415
2014,6,Subscriber,1,1946.0,1078.0,840.6734693877551
2014,6,Subscriber,1,1947.0,1425.0,839.6028070175439
2014,6,Subscriber,1,1948.0,1954.0,763.3966223132037
2014,6,Subscriber,1,1949.0,1916.0,889.2379958246347
2014,6,Subscriber,1,1950.0,2339.0,834.7554510474562
2014,6,Subscriber,1,1951.0,3161.0,905.5210376463144
2014,6,Subscriber,1,1952.0,3215.0,770.2012441679627
2014,6,Subscriber,1,1953.0,4741.0,800.4830204598186
2014,6,Subscriber,1,1954.0,4663.0,813.1222389019945
2014,6,Subscriber,1,1955.0,5194.0,802.817481709665
2014,6,Subscriber,1,1956.0,6029.0,813.5506717531929
2014,6,Subscriber,1,1957.0,5952.0,800.6367607526881
2014,6,Subscriber,1,1958.0,6826.0,793.5101084090243
2014,6,Subscriber,1,1959.0,7538.0,796.5123374900504
2014,6,Subscriber,1,1960.0,8924.0,781.0292469744509
2014,6,Subscriber,1,1961.0,7885.0,799.4724159797083
2014,6,Subscriber,1,1962.0,9698.0,819.6447721179625
2014,6,Subscriber,1,1963.0,11420.0,802.2943957968477
2014,6,Subscriber,1,1964.0,11980.0,800.674958263773
2014,6,Subscriber,1,1965.0,10943.0,758.8881476743123
2014,6,Subscriber,1,1966.0,11097.0,799.5237451563486
2014,6,Subscriber,1,1967.0,12305.0,742.5665989435189
2014,6,Subscriber,1,1968.0,12988.0,760.3787342161995
2014,6,Subscriber,1,1969.0,14738.0,762.6544307233003
2014,6,Subscriber,1,1970.0,15854.0,769.9841049577394
2014,6,Subscriber,1,1971.0,14257.0,745.2767061794207
2014,6,Subscriber,1,1972.0,14461.0,776.858101099509
2014,6,Subscriber,1,1973.0,14338.0,761.7274375784629
2014,6,Subscriber,1,1974.0,16688.0,789.5673537871525
2014,6,Subscriber,1,1975.0,16277.0,743.5214105793451
2014,6,Subscriber,1,1976.0,17421.0,765.3380402961942
2014,6,Subscriber,1,1977.0,17534.0,769.603228014144
2014,6,Subscriber,1,1978.0,19517.0,744.9931854280883
2014,6,Subscriber,1,1979.0,20656.0,769.0169926413632
2014,6,Subscriber,1,1980.0,21758.0,761.8401507491498
2014,6,Subscriber,1,1981.0,24252.0,765.380669635494
2014,6,Subscriber,1,1982.0,23601.0,773.4990890216516
2014,6,Subscriber,1,1983.0,27735.0,753.3818280151434
2014,6,Subscriber,1,1984.0,27043.0,763.1099730059535
2014,6,Subscriber,1,1985.0,26066.0,750.6799662395458
2014,6,Subscriber,1,1986.0,24269.0,751.5636820635378
2014,6,Subscriber,1,1987.0,23317.0,756.2888021615131
2014,6,Subscriber,1,1988.0,21636.0,726.8844518395267
2014,6,Subscriber,1,1989.0,20345.0,735.4152371590071
2014,6,Subscriber,1,1990.0,17973.0,726.7654259166527
2014,6,Subscriber,1,1991.0,9067.0,711.5600529392302
2014,6,Subscriber,1,1992.0,4196.0,755.6124880838894
2014,6,Subscriber,1,1993.0,4122.0,694.4272197962155
2014,6,Subscriber,1,1994.0,2013.0,764.7665176353701
2014,6,Subscriber,1,1995.0,1628.0,843.3722358722358
2014,6,Subscriber,1,1996.0,1062.0,785.2090395480226
2014,6,Subscriber,1,1997.0,1176.0,859.0289115646259
2014,6,Subscriber,1,1998.0,228.0,840.5877192982456
2014,6,Subscriber,2,1899.0,1.0,2228.0
2014,6,Subscriber,2,1924.0,5.0,599.4
2014,6,Subscriber,2,1926.0,16.0,884.3125
2014,6,Subscriber,2,1931.0,3.0,1465.3333333333333
2014,6,Subscriber,2,1932.0,28.0,496.0357142857143
2014,6,Subscriber,2,1935.0,8.0,1968.0
2014,6,Subscriber,2,1936.0,3.0,1275.6666666666667
2014,6,Subscriber,2,1937.0,3.0,290.0
2014,6,Subscriber,2,1938.0,25.0,929.16
2014,6,Subscriber,2,1939.0,2.0,1607.5
2014,6,Subscriber,2,1940.0,7.0,1204.4285714285713
2014,6,Subscriber,2,1941.0,95.0,932.5894736842105
2014,6,Subscriber,2,1942.0,66.0,1138.9242424242425
2014,6,Subscriber,2,1943.0,104.0,1100.0192307692307
2014,6,Subscriber,2,1944.0,80.0,1041.6
2014,6,Subscriber,2,1945.0,163.0,1356.355828220859
2014,6,Subscriber,2,1946.0,140.0,1009.5857142857143
2014,6,Subscriber,2,1947.0,309.0,963.1003236245955
2014,6,Subscriber,2,1948.0,372.0,869.6989247311828
2014,6,Subscriber,2,1949.0,466.0,1121.1158798283261
2014,6,Subscriber,2,1950.0,682.0,937.733137829912
2014,6,Subscriber,2,1951.0,886.0,962.5248306997743
2014,6,Subscriber,2,1952.0,718.0,992.8217270194986
2014,6,Subscriber,2,1953.0,925.0,915.3502702702702
2014,6,Subscriber,2,1954.0,1609.0,952.9285270354258
2014,6,Subscriber,2,1955.0,1250.0,936.5808
2014,6,Subscriber,2,1956.0,1521.0,990.190006574622
2014,6,Subscriber,2,1957.0,2190.0,922.5210045662101
2014,6,Subscriber,2,1958.0,2325.0,902.8129032258065
2014,6,Subscriber,2,1959.0,2419.0,918.7945431996693
2014,6,Subscriber,2,1960.0,2719.0,909.8841485840383
2014,6,Subscriber,2,1961.0,2255.0,883.5667405764967
2014,6,Subscriber,2,1962.0,3237.0,925.3595922150139
2014,6,Subscriber,2,1963.0,2968.0,920.4258760107816
2014,6,Subscriber,2,1964.0,2459.0,940.344448962993
2014,6,Subscriber,2,1965.0,3480.0,901.2977011494253
2014,6,Subscriber,2,1966.0,2958.0,933.080459770115
2014,6,Subscriber,2,1967.0,3175.0,906.4932283464567
2014,6,Subscriber,2,1968.0,3000.0,931.2386666666666
2014,6,Subscriber,2,1969.0,3556.0,953.996062992126
2014,6,Subscriber,2,1970.0,4476.0,905.2761394101876
2014,6,Subscriber,2,1971.0,3749.0,911.2243264870632
2014,6,Subscriber,2,1972.0,4342.0,919.6752648549055
2014,6,Subscriber,2,1973.0,3720.0,882.7833333333333
2014,6,Subscriber,2,1974.0,4143.0,878.6555636012552
2014,6,Subscriber,2,1975.0,3821.0,896.9390211986391
2014,6,Subscriber,2,1976.0,4546.0,966.0915090189177
2014,6,Subscriber,2,1977.0,5612.0,887.0212045616536
2014,6,Subscriber,2,1978.0,6085.0,909.5516844700082
2014,6,Subscriber,2,1979.0,6299.0,917.668836323226
2014,6,Subscriber,2,1980.0,6801.0,896.693574474342
2014,6,Subscriber,2,1981.0,8047.0,898.4917360507021
2014,6,Subscriber,2,1982.0,9202.0,899.3547054988046
2014,6,Subscriber,2,1983.0,9091.0,874.2246177538225
2014,6,Subscriber,2,1984.0,10113.0,919.3235439533274
2014,6,Subscriber,2,1985.0,10180.0,867.592141453831
2014,6,Subscriber,2,1986.0,9796.0,883.381788485096
2014,6,Subscriber,2,1987.0,9075.0,897.7250688705234
2014,6,Subscriber,2,1988.0,8186.0,882.1705350598583
2014,6,Subscriber,2,1989.0,7614.0,870.4616495928552
2014,6,Subscriber,2,1990.0,6626.0,900.3549652882584
2014,6,Subscriber,2,1991.0,3870.0,829.957881136951
2014,6,Subscriber,2,1992.0,2331.0,855.1608751608752
2014,6,Subscriber,2,1993.0,1578.0,903.3320659062103
2014,6,Subscriber,2,1994.0,869.0,760.1035673187572
2014,6,Subscriber,2,1995.0,506.0,1025.691699604743
2014,6,Subscriber,2,1996.0,371.0,773.832884097035
2014,6,Subscriber,2,1997.0,224.0,858.5625
2014,6,Subscriber,2,1998.0,70.0,927.0714285714286
2014,7,Customer,0,1979.0,119033.0,1520.009560374014
2014,7,Customer,1,1970.0,10.0,1194.8
2014,7,Customer,1,1979.0,18.0,1078.2222222222222
2014,7,Customer,2,1955.0,3.0,6246.0
2014,7,Subscriber,0,1991.0,4.0,505.75
2014,7,Subscriber,0,1996.0,203.0,940.8866995073892
2014,7,Subscriber,1,1899.0,26.0,1038.6538461538462
2014,7,Subscriber,1,1900.0,208.0,1058.9663461538462
2014,7,Subscriber,1,1901.0,64.0,729.5
2014,7,Subscriber,1,1907.0,4.0,1130.5
2014,7,Subscriber,1,1910.0,11.0,1645.3636363636363
2014,7,Subscriber,1,1917.0,8.0,964.125
2014,7,Subscriber,1,1921.0,8.0,611.625
2014,7,Subscriber,1,1926.0,6.0,605.6666666666666
2014,7,Subscriber,1,1930.0,2.0,1890.5
2014,7,Subscriber,1,1931.0,1.0,250.0
2014,7,Subscriber,1,1932.0,7.0,808.1428571428571
2014,7,Subscriber,1,1933.0,28.0,454.92857142857144
2014,7,Subscriber,1,1934.0,26.0,690.1153846153846
2014,7,Subscriber,1,1935.0,37.0,714.3243243243244
2014,7,Subscriber,1,1936.0,102.0,1109.5392156862745
2014,7,Subscriber,1,1937.0,76.0,1045.9342105263158
2014,7,Subscriber,1,1938.0,93.0,1437.6881720430108
2014,7,Subscriber,1,1939.0,98.0,1031.469387755102
2014,7,Subscriber,1,1940.0,327.0,664.17125382263
2014,7,Subscriber,1,1941.0,588.0,770.4489795918367
2014,7,Subscriber,1,1942.0,661.0,915.0468986384267
2014,7,Subscriber,1,1943.0,314.0,964.1687898089172
2014,7,Subscriber,1,1944.0,684.0,769.2222222222222
2014,7,Subscriber,1,1945.0,892.0,737.5896860986547
2014,7,Subscriber,1,1946.0,1012.0,773.6887351778656
2014,7,Subscriber,1,1947.0,1485.0,825.4350168350169
2014,7,Subscriber,1,1948.0,1973.0,786.5955397871262
2014,7,Subscriber,1,1949.0,1934.0,871.440537745605
2014,7,Subscriber,1,1950.0,2230.0,827.1838565022422
2014,7,Subscriber,1,1951.0,3765.0,856.9019920318725
2014,7,Subscriber,1,1952.0,3214.0,766.8487865588053
2014,7,Subscriber,1,1953.0,4892.0,811.9822158626329
2014,7,Subscriber,1,1954.0,4984.0,777.0876805778491
2014,7,Subscriber,1,1955.0,5124.0,763.6664715066354
2014,7,Subscriber,1,1956.0,6216.0,795.503861003861
2014,7,Subscriber,1,1957.0,5959.0,790.2629635844941
2014,7,Subscriber,1,1958.0,7136.0,779.9290919282511
2014,7,Subscriber,1,1959.0,8235.0,774.2494231936855
2014,7,Subscriber,1,1960.0,9257.0,763.1887220481798
2014,7,Subscriber,1,1961.0,8333.0,789.3129725189008
2014,7,Subscriber,1,1962.0,10355.0,783.8427812650893
2014,7,Subscriber,1,1963.0,11927.0,783.0228053995137
2014,7,Subscriber,1,1964.0,12387.0,770.4239928957778
2014,7,Subscriber,1,1965.0,10970.0,749.6817684594348
2014,7,Subscriber,1,1966.0,11183.0,764.7482786372173
2014,7,Subscriber,1,1967.0,12834.0,730.7524544179523
2014,7,Subscriber,1,1968.0,13184.0,730.0248786407767
2014,7,Subscriber,1,1969.0,15709.0,735.8772041504869
2014,7,Subscriber,1,1970.0,16426.0,756.0137586752709
2014,7,Subscriber,1,1971.0,14427.0,720.7606571012684
2014,7,Subscriber,1,1972.0,14461.0,744.6937971094668
2014,7,Subscriber,1,1973.0,14867.0,740.0439900450663
2014,7,Subscriber,1,1974.0,16835.0,752.2706266706267
2014,7,Subscriber,1,1975.0,16882.0,731.3913043478261
2014,7,Subscriber,1,1976.0,18390.0,739.2156063077759
2014,7,Subscriber,1,1977.0,18671.0,731.2391944727117
2014,7,Subscriber,1,1978.0,20303.0,719.5962665615918
2014,7,Subscriber,1,1979.0,21393.0,718.8009629318001
2014,7,Subscriber,1,1980.0,23386.0,733.5449414179424
2014,7,Subscriber,1,1981.0,25469.0,728.6002591385607
2014,7,Subscriber,1,1982.0,24804.0,727.4420657958394
2014,7,Subscriber,1,1983.0,28997.0,721.3201020795254
2014,7,Subscriber,1,1984.0,27429.0,728.6735207262386
2014,7,Subscriber,1,1985.0,26619.0,709.3996393553476
2014,7,Subscriber,1,1986.0,25178.0,722.5920247835412
2014,7,Subscriber,1,1987.0,24118.0,730.9925781573928
2014,7,Subscriber,1,1988.0,22185.0,697.3595221996844
2014,7,Subscriber,1,1989.0,21344.0,698.3691904047976
2014,7,Subscriber,1,1990.0,19348.0,689.8956481290056
2014,7,Subscriber,1,1991.0,10206.0,670.6960611405055
2014,7,Subscriber,1,1992.0,5482.0,689.2973367384167
2014,7,Subscriber,1,1993.0,5007.0,650.6219292989814
2014,7,Subscriber,1,1994.0,2486.0,722.3873692679002
2014,7,Subscriber,1,1995.0,1932.0,736.544513457557
2014,7,Subscriber,1,1996.0,996.0,751.7921686746988
2014,7,Subscriber,1,1997.0,924.0,728.5357142857143
2014,7,Subscriber,1,1998.0,304.0,777.8388157894736
2014,7,Subscriber,2,1899.0,11.0,1788.0
2014,7,Subscriber,2,1924.0,2.0,589.0
2014,7,Subscriber,2,1926.0,31.0,859.516129032258
2014,7,Subscriber,2,1932.0,36.0,601.0277777777778
2014,7,Subscriber,2,1935.0,8.0,636.125
2014,7,Subscriber,2,1937.0,4.0,944.5
2014,7,Subscriber,2,1938.0,21.0,766.4761904761905
2014,7,Subscriber,2,1939.0,1.0,2587.0
2014,7,Subscriber,2,1940.0,14.0,935.5
2014,7,Subscriber,2,1941.0,62.0,940.4193548387096
2014,7,Subscriber,2,1942.0,57.0,1024.6315789473683
2014,7,Subscriber,2,1943.0,73.0,818.082191780822
2014,7,Subscriber,2,1944.0,70.0,1253.2571428571428
2014,7,Subscriber,2,1945.0,189.0,1008.994708994709
2014,7,Subscriber,2,1946.0,161.0,960.888198757764
2014,7,Subscriber,2,1947.0,379.0,872.4854881266491
2014,7,Subscriber,2,1948.0,417.0,986.7961630695444
2014,7,Subscriber,2,1949.0,427.0,1096.2412177985948
2014,7,Subscriber,2,1950.0,688.0,933.2645348837209
2014,7,Subscriber,2,1951.0,833.0,991.8499399759904
2014,7,Subscriber,2,1952.0,670.0,921.3850746268656
2014,7,Subscriber,2,1953.0,934.0,887.7441113490364
2014,7,Subscriber,2,1954.0,1704.0,947.3415492957746
2014,7,Subscriber,2,1955.0,1233.0,1019.3576642335767
2014,7,Subscriber,2,1956.0,1435.0,902.2731707317073
2014,7,Subscriber,2,1957.0,2176.0,899.7095588235294
2014,7,Subscriber,2,1958.0,2398.0,849.3127606338616
2014,7,Subscriber,2,1959.0,2355.0,896.7070063694267
2014,7,Subscriber,2,1960.0,2702.0,897.4026646928202
2014,7,Subscriber,2,1961.0,2313.0,875.8690012970169
2014,7,Subscriber,2,1962.0,3156.0,891.0209125475285
2014,7,Subscriber,2,1963.0,2968.0,881.3096361185984
2014,7,Subscriber,2,1964.0,2449.0,881.3144140465496
2014,7,Subscriber,2,1965.0,3216.0,880.2596393034826
2014,7,Subscriber,2,1966.0,2871.0,883.5179380006966
2014,7,Subscriber,2,1967.0,2990.0,885.2936454849498
2014,7,Subscriber,2,1968.0,3081.0,930.1405387861084
2014,7,Subscriber,2,1969.0,3602.0,919.0566352026652
2014,7,Subscriber,2,1970.0,4340.0,909.0988479262672
2014,7,Subscriber,2,1971.0,3386.0,896.4740106320141
2014,7,Subscriber,2,1972.0,4277.0,872.7140519055413
2014,7,Subscriber,2,1973.0,3802.0,872.1751709626512
2014,7,Subscriber,2,1974.0,4201.0,874.263984765532
2014,7,Subscriber,2,1975.0,3893.0,861.4330850244028
2014,7,Subscriber,2,1976.0,4506.0,924.7851753217932
2014,7,Subscriber,2,1977.0,5731.0,860.0732856395044
2014,7,Subscriber,2,1978.0,6359.0,888.8142789746815
2014,7,Subscriber,2,1979.0,6150.0,871.8339837398374
2014,7,Subscriber,2,1980.0,7593.0,873.333728434084
2014,7,Subscriber,2,1981.0,7939.0,860.3849351303691
2014,7,Subscriber,2,1982.0,9173.0,858.8489043933282
2014,7,Subscriber,2,1983.0,9663.0,849.6307564938425
2014,7,Subscriber,2,1984.0,10103.0,870.6499059685242
2014,7,Subscriber,2,1985.0,10668.0,818.3989501312336
2014,7,Subscriber,2,1986.0,10796.0,837.6687662097073
2014,7,Subscriber,2,1987.0,9400.0,869.4693617021277
2014,7,Subscriber,2,1988.0,8583.0,862.5917511359664
2014,7,Subscriber,2,1989.0,8110.0,845.3258939580764
2014,7,Subscriber,2,1990.0,6505.0,847.9106840891621
2014,7,Subscriber,2,1991.0,4581.0,819.7249508840864
2014,7,Subscriber,2,1992.0,2886.0,847.9331254331254
2014,7,Subscriber,2,1993.0,1588.0,797.6586901763225
2014,7,Subscriber,2,1994.0,993.0,723.5921450151058
2014,7,Subscriber,2,1995.0,399.0,940.2355889724311
2014,7,Subscriber,2,1996.0,417.0,717.3525179856115
2014,7,Subscriber,2,1997.0,267.0,827.1048689138577
2014,7,Subscriber,2,1998.0,87.0,723.6781609195402
2014,8,Customer,0,1979.0,135865.0,1540.2584256431016
2014,8,Customer,2,1985.0,9.0,3092.8888888888887
2014,8,Subscriber,0,1991.0,1.0,591.0
2014,8,Subscriber,0,1996.0,248.0,935.8508064516129
2014,8,Subscriber,1,1899.0,53.0,1209.698113207547
2014,8,Subscriber,1,1900.0,225.0,905.8044444444445
2014,8,Subscriber,1,1901.0,66.0,705.4090909090909
2014,8,Subscriber,1,1907.0,14.0,859.0
2014,8,Subscriber,1,1910.0,16.0,1245.375
2014,8,Subscriber,1,1917.0,16.0,688.125
2014,8,Subscriber,1,1921.0,4.0,861.75
2014,8,Subscriber,1,1926.0,3.0,477.6666666666667
2014,8,Subscriber,1,1930.0,6.0,1693.5
2014,8,Subscriber,1,1932.0,12.0,591.4166666666666
2014,8,Subscriber,1,1933.0,56.0,340.23214285714283
2014,8,Subscriber,1,1934.0,61.0,511.4590163934426
2014,8,Subscriber,1,1935.0,86.0,839.2325581395348
2014,8,Subscriber,1,1936.0,81.0,909.7901234567901
2014,8,Subscriber,1,1937.0,45.0,956.4222222222222
2014,8,Subscriber,1,1938.0,189.0,1013.8306878306878
2014,8,Subscriber,1,1939.0,151.0,1001.7615894039735
2014,8,Subscriber,1,1940.0,309.0,697.6343042071197
2014,8,Subscriber,1,1941.0,548.0,805.1240875912408
2014,8,Subscriber,1,1942.0,697.0,850.4964131994261
2014,8,Subscriber,1,1943.0,310.0,869.5548387096774
2014,8,Subscriber,1,1944.0,675.0,888.2355555555556
2014,8,Subscriber,1,1945.0,670.0,858.0641791044776
2014,8,Subscriber,1,1946.0,937.0,834.8239060832444
2014,8,Subscriber,1,1947.0,1461.0,824.0390143737167
2014,8,Subscriber,1,1948.0,1873.0,809.7202349172451
2014,8,Subscriber,1,1949.0,1868.0,923.4218415417558
2014,8,Subscriber,1,1950.0,2157.0,870.635605006954
2014,8,Subscriber,1,1951.0,3318.0,862.5198915009041
2014,8,Subscriber,1,1952.0,3164.0,776.6833122629582
2014,8,Subscriber,1,1953.0,4776.0,837.4713149078727
2014,8,Subscriber,1,1954.0,4637.0,780.640500323485
2014,8,Subscriber,1,1955.0,4806.0,782.3206408655847
2014,8,Subscriber,1,1956.0,5950.0,789.8894117647059
2014,8,Subscriber,1,1957.0,5474.0,802.4048227986847
2014,8,Subscriber,1,1958.0,6643.0,786.0751166641578
2014,8,Subscriber,1,1959.0,7722.0,780.4807044807045
2014,8,Subscriber,1,1960.0,8601.0,781.5797000348797
2014,8,Subscriber,1,1961.0,8221.0,771.7342172485099
2014,8,Subscriber,1,1962.0,9291.0,814.1060165751803
2014,8,Subscriber,1,1963.0,11176.0,780.4657301360057
2014,8,Subscriber,1,1964.0,11367.0,783.120788246679
2014,8,Subscriber,1,1965.0,10558.0,745.8358590642167
2014,8,Subscriber,1,1966.0,10629.0,779.5627998871013
2014,8,Subscriber,1,1967.0,11289.0,742.5834883514926
2014,8,Subscriber,1,1968.0,12448.0,756.5200032133677
2014,8,Subscriber,1,1969.0,14665.0,759.0636890555745
2014,8,Subscriber,1,1970.0,15201.0,763.3890533517532
2014,8,Subscriber,1,1971.0,13986.0,741.581939081939
2014,8,Subscriber,1,1972.0,14174.0,746.9309298715959
2014,8,Subscriber,1,1973.0,14011.0,749.8937977303548
2014,8,Subscriber,1,1974.0,15838.0,771.8332491476197
2014,8,Subscriber,1,1975.0,16773.0,737.6417456626722
2014,8,Subscriber,1,1976.0,17863.0,735.2446397581593
2014,8,Subscriber,1,1977.0,18247.0,736.673973803913
2014,8,Subscriber,1,1978.0,20113.0,730.3513647889424
2014,8,Subscriber,1,1979.0,20390.0,737.8709171162335
2014,8,Subscriber,1,1980.0,22742.0,740.1951455456864
2014,8,Subscriber,1,1981.0,24964.0,732.3546306681621
2014,8,Subscriber,1,1982.0,25314.0,743.2046298490953
2014,8,Subscriber,1,1983.0,28536.0,739.8984440706477
2014,8,Subscriber,1,1984.0,27053.0,730.4366983329021
2014,8,Subscriber,1,1985.0,25746.0,737.1059193661151
2014,8,Subscriber,1,1986.0,26095.0,728.5836750335313
2014,8,Subscriber,1,1987.0,23775.0,723.810094637224
2014,8,Subscriber,1,1988.0,22597.0,705.2272868079833
2014,8,Subscriber,1,1989.0,21707.0,710.5731791587967
2014,8,Subscriber,1,1990.0,19376.0,697.8618393889348
2014,8,Subscriber,1,1991.0,11402.0,684.8734432555692
2014,8,Subscriber,1,1992.0,6107.0,720.8015392172916
2014,8,Subscriber,1,1993.0,4350.0,644.9949425287356
2014,8,Subscriber,1,1994.0,2731.0,714.9110216038081
2014,8,Subscriber,1,1995.0,2046.0,792.9257086999022
2014,8,Subscriber,1,1996.0,804.0,793.8407960199005
2014,8,Subscriber,1,1997.0,997.0,762.4674022066199
2014,8,Subscriber,1,1998.0,394.0,874.3121827411168
2014,8,Subscriber,2,1899.0,5.0,2118.6
2014,8,Subscriber,2,1924.0,3.0,792.0
2014,8,Subscriber,2,1926.0,13.0,991.9230769230769
2014,8,Subscriber,2,1931.0,9.0,622.3333333333334
2014,8,Subscriber,2,1932.0,16.0,513.4375
2014,8,Subscriber,2,1935.0,9.0,681.8888888888889
2014,8,Subscriber,2,1936.0,3.0,1603.0
2014,8,Subscriber,2,1937.0,4.0,642.25
2014,8,Subscriber,2,1938.0,29.0,1089.7931034482758
2014,8,Subscriber,2,1939.0,4.0,1051.25
2014,8,Subscriber,2,1940.0,11.0,1227.3636363636363
2014,8,Subscriber,2,1941.0,57.0,1107.3859649122808
2014,8,Subscriber,2,1942.0,45.0,780.8
2014,8,Subscriber,2,1943.0,74.0,976.027027027027
2014,8,Subscriber,2,1944.0,76.0,1183.3026315789473
2014,8,Subscriber,2,1945.0,159.0,944.069182389937
2014,8,Subscriber,2,1946.0,138.0,865.1159420289855
2014,8,Subscriber,2,1947.0,290.0,796.5034482758621
2014,8,Subscriber,2,1948.0,311.0,969.8199356913183
2014,8,Subscriber,2,1949.0,389.0,1093.789203084833
2014,8,Subscriber,2,1950.0,642.0,882.0373831775701
2014,8,Subscriber,2,1951.0,569.0,985.5869947275922
2014,8,Subscriber,2,1952.0,648.0,962.2052469135803
2014,8,Subscriber,2,1953.0,866.0,941.8418013856813
2014,8,Subscriber,2,1954.0,1657.0,907.4532287266144
2014,8,Subscriber,2,1955.0,1210.0,976.6520661157025
2014,8,Subscriber,2,1956.0,1523.0,957.456992777413
2014,8,Subscriber,2,1957.0,2207.0,894.9787041232443
2014,8,Subscriber,2,1958.0,2230.0,917.5654708520179
2014,8,Subscriber,2,1959.0,2224.0,919.2508992805756
2014,8,Subscriber,2,1960.0,2436.0,929.7237274220033
2014,8,Subscriber,2,1961.0,2177.0,889.0666054203032
2014,8,Subscriber,2,1962.0,2980.0,934.0328859060403
2014,8,Subscriber,2,1963.0,2772.0,870.8932178932179
2014,8,Subscriber,2,1964.0,1991.0,897.429432446007
2014,8,Subscriber,2,1965.0,3191.0,908.9319962394234
2014,8,Subscriber,2,1966.0,2666.0,937.6144036009002
2014,8,Subscriber,2,1967.0,2908.0,888.8559147180192
2014,8,Subscriber,2,1968.0,2843.0,893.9757298628209
2014,8,Subscriber,2,1969.0,3272.0,906.9856356968215
2014,8,Subscriber,2,1970.0,3890.0,906.617737789203
2014,8,Subscriber,2,1971.0,3087.0,876.7936507936508
2014,8,Subscriber,2,1972.0,3913.0,850.8364426271403
2014,8,Subscriber,2,1973.0,3969.0,892.6067019400352
2014,8,Subscriber,2,1974.0,3856.0,883.481846473029
2014,8,Subscriber,2,1975.0,3796.0,851.4499473129611
2014,8,Subscriber,2,1976.0,4444.0,895.2781278127812
2014,8,Subscriber,2,1977.0,5908.0,924.3180433310765
2014,8,Subscriber,2,1978.0,5946.0,881.5977127480659
2014,8,Subscriber,2,1979.0,6221.0,899.4018646519852
2014,8,Subscriber,2,1980.0,7808.0,859.7466700819672
2014,8,Subscriber,2,1981.0,7966.0,852.3545066532764
2014,8,Subscriber,2,1982.0,8967.0,880.8943905431025
2014,8,Subscriber,2,1983.0,9873.0,838.0227894257065
2014,8,Subscriber,2,1984.0,9916.0,871.5807785397337
2014,8,Subscriber,2,1985.0,10607.0,832.4470632601112
2014,8,Subscriber,2,1986.0,10523.0,848.4681174569989
2014,8,Subscriber,2,1987.0,9203.0,871.4874497446485
2014,8,Subscriber,2,1988.0,8906.0,841.4152256905458
2014,8,Subscriber,2,1989.0,7975.0,872.9531034482759
2014,8,Subscriber,2,1990.0,6690.0,866.3678624813153
2014,8,Subscriber,2,1991.0,4581.0,842.963545077494
2014,8,Subscriber,2,1992.0,2498.0,847.9499599679743
2014,8,Subscriber,2,1993.0,1523.0,791.3736047275115
2014,8,Subscriber,2,1994.0,839.0,777.8355184743742
2014,8,Subscriber,2,1995.0,408.0,956.1127450980392
2014,8,Subscriber,2,1996.0,388.0,806.229381443299
2014,8,Subscriber,2,1997.0,252.0,737.218253968254
2014,8,Subscriber,2,1998.0,100.0,998.91
2014,9,Customer,0,1979.0,99309.0,1724.6353502703682
2014,9,Customer,1,1979.0,6.0,3763.8333333333335
2014,9,Subscriber,0,1990.0,21.0,459.0
2014,9,Subscriber,0,1996.0,208.0,1799.451923076923
2014,9,Subscriber,1,1899.0,33.0,1187.0
2014,9,Subscriber,1,1900.0,191.0,1018.565445026178
2014,9,Subscriber,1,1901.0,65.0,722.2923076923076
2014,9,Subscriber,1,1907.0,3.0,510.6666666666667
2014,9,Subscriber,1,1910.0,8.0,1474.875
2014,9,Subscriber,1,1917.0,6.0,911.1666666666666
2014,9,Subscriber,1,1921.0,7.0,770.8571428571429
2014,9,Subscriber,1,1922.0,17.0,812.0
2014,9,Subscriber,1,1926.0,4.0,1000.25
2014,9,Subscriber,1,1930.0,4.0,1592.75
2014,9,Subscriber,1,1931.0,1.0,179.0
2014,9,Subscriber,1,1932.0,12.0,651.6666666666666
2014,9,Subscriber,1,1933.0,26.0,434.7692307692308
2014,9,Subscriber,1,1934.0,75.0,608.5066666666667
2014,9,Subscriber,1,1935.0,98.0,852.8673469387755
2014,9,Subscriber,1,1936.0,36.0,665.3611111111111
2014,9,Subscriber,1,1937.0,33.0,845.8787878787879
2014,9,Subscriber,1,1938.0,210.0,1038.3666666666666
2014,9,Subscriber,1,1939.0,143.0,832.6713286713286
2014,9,Subscriber,1,1940.0,402.0,700.723880597015
2014,9,Subscriber,1,1941.0,643.0,970.2628304821151
2014,9,Subscriber,1,1942.0,849.0,877.846878680801
2014,9,Subscriber,1,1943.0,406.0,839.4088669950739
2014,9,Subscriber,1,1944.0,816.0,884.7426470588235
2014,9,Subscriber,1,1945.0,779.0,729.1168164313223
2014,9,Subscriber,1,1946.0,1147.0,808.0557977332171
2014,9,Subscriber,1,1947.0,1488.0,874.8581989247311
2014,9,Subscriber,1,1948.0,2053.0,792.1022893326839
2014,9,Subscriber,1,1949.0,1882.0,893.8613177470776
2014,9,Subscriber,1,1950.0,2195.0,991.9439635535308
2014,9,Subscriber,1,1951.0,3285.0,902.7074581430746
2014,9,Subscriber,1,1952.0,3157.0,867.0047513462148
2014,9,Subscriber,1,1953.0,5061.0,892.6415728116973
2014,9,Subscriber,1,1954.0,4909.0,792.645752699124
2014,9,Subscriber,1,1955.0,5143.0,794.4501263853782
2014,9,Subscriber,1,1956.0,5915.0,1036.9115807269654
2014,9,Subscriber,1,1957.0,5971.0,820.0539273153576
2014,9,Subscriber,1,1958.0,7115.0,809.3742796907941
2014,9,Subscriber,1,1959.0,7975.0,797.955736677116
2014,9,Subscriber,1,1960.0,9621.0,770.7620829435609
2014,9,Subscriber,1,1961.0,8916.0,809.3980484522207
2014,9,Subscriber,1,1962.0,10225.0,811.0257212713936
2014,9,Subscriber,1,1963.0,11765.0,807.6679133021674
2014,9,Subscriber,1,1964.0,12085.0,796.3019445593711
2014,9,Subscriber,1,1965.0,11467.0,781.3156884974273
2014,9,Subscriber,1,1966.0,11527.0,766.1075735230329
2014,9,Subscriber,1,1967.0,12700.0,748.3349606299213
2014,9,Subscriber,1,1968.0,13400.0,761.2972388059701
2014,9,Subscriber,1,1969.0,15549.0,764.9695157244839
2014,9,Subscriber,1,1970.0,16466.0,761.5646180007287
2014,9,Subscriber,1,1971.0,15198.0,748.8377418081327
2014,9,Subscriber,1,1972.0,14712.0,758.0280043501904
2014,9,Subscriber,1,1973.0,14902.0,828.6956113273386
2014,9,Subscriber,1,1974.0,16338.0,793.8343738523687
2014,9,Subscriber,1,1975.0,16826.0,769.4402710091525
2014,9,Subscriber,1,1976.0,17522.0,737.311151695012
2014,9,Subscriber,1,1977.0,18328.0,768.7089698821476
2014,9,Subscriber,1,1978.0,19723.0,755.0010647467424
2014,9,Subscriber,1,1979.0,19993.0,744.0031010853799
2014,9,Subscriber,1,1980.0,21659.0,773.523200517106
2014,9,Subscriber,1,1981.0,23913.0,742.9781708694015
2014,9,Subscriber,1,1982.0,23886.0,743.4264004019091
2014,9,Subscriber,1,1983.0,27463.0,734.2331136438116
2014,9,Subscriber,1,1984.0,26305.0,751.185972248622
2014,9,Subscriber,1,1985.0,25730.0,736.083832102604
2014,9,Subscriber,1,1986.0,25560.0,739.706220657277
2014,9,Subscriber,1,1987.0,23872.0,937.5665214477211
2014,9,Subscriber,1,1988.0,23265.0,711.2493015258973
2014,9,Subscriber,1,1989.0,22508.0,716.4213168651146
2014,9,Subscriber,1,1990.0,20688.0,698.5565545243619
2014,9,Subscriber,1,1991.0,13185.0,705.0439893818733
2014,9,Subscriber,1,1992.0,7128.0,674.766835016835
2014,9,Subscriber,1,1993.0,5525.0,969.9342986425339
2014,9,Subscriber,1,1994.0,4458.0,625.3945715567519
2014,9,Subscriber,1,1995.0,3904.0,697.6193647540983
2014,9,Subscriber,1,1996.0,1288.0,696.8680124223603
2014,9,Subscriber,1,1997.0,1145.0,800.138864628821
2014,9,Subscriber,1,1998.0,579.0,863.2400690846287
2014,9,Subscriber,2,1899.0,8.0,2065.625
2014,9,Subscriber,2,1900.0,10.0,967.7
2014,9,Subscriber,2,1926.0,20.0,946.0
2014,9,Subscriber,2,1931.0,1.0,858.0
2014,9,Subscriber,2,1932.0,21.0,573.2857142857143
2014,9,Subscriber,2,1935.0,16.0,598.5
2014,9,Subscriber,2,1936.0,10.0,1409.1
2014,9,Subscriber,2,1937.0,1.0,230.0
2014,9,Subscriber,2,1938.0,25.0,741.96
2014,9,Subscriber,2,1939.0,2.0,515.5
2014,9,Subscriber,2,1940.0,11.0,1326.909090909091
2014,9,Subscriber,2,1941.0,75.0,929.92
2014,9,Subscriber,2,1942.0,29.0,634.448275862069
2014,9,Subscriber,2,1943.0,159.0,933.377358490566
2014,9,Subscriber,2,1944.0,71.0,1453.718309859155
2014,9,Subscriber,2,1945.0,167.0,877.8443113772455
2014,9,Subscriber,2,1946.0,116.0,913.1379310344828
2014,9,Subscriber,2,1947.0,348.0,832.6925287356322
2014,9,Subscriber,2,1948.0,335.0,889.7731343283582
2014,9,Subscriber,2,1949.0,386.0,1015.5829015544041
2014,9,Subscriber,2,1950.0,535.0,929.6149532710281
2014,9,Subscriber,2,1951.0,667.0,1425.5547226386807
2014,9,Subscriber,2,1952.0,733.0,990.1527967257845
2014,9,Subscriber,2,1953.0,860.0,948.103488372093
2014,9,Subscriber,2,1954.0,1799.0,975.2206781545303
2014,9,Subscriber,2,1955.0,1326.0,975.0957767722474
2014,9,Subscriber,2,1956.0,1727.0,920.7851766068327
2014,9,Subscriber,2,1957.0,2259.0,870.5546702080567
2014,9,Subscriber,2,1958.0,2407.0,878.7270461154965
2014,9,Subscriber,2,1959.0,2441.0,925.4535026628431
2014,9,Subscriber,2,1960.0,2950.0,922.5725423728813
2014,9,Subscriber,2,1961.0,2629.0,906.7519969570179
2014,9,Subscriber,2,1962.0,3250.0,895.4504615384616
2014,9,Subscriber,2,1963.0,2969.0,1014.3199730549006
2014,9,Subscriber,2,1964.0,2565.0,847.6923976608188
2014,9,Subscriber,2,1965.0,3323.0,877.2554920252784
2014,9,Subscriber,2,1966.0,3180.0,858.9691823899371
2014,9,Subscriber,2,1967.0,3213.0,883.5732959850607
2014,9,Subscriber,2,1968.0,3322.0,865.149909692956
2014,9,Subscriber,2,1969.0,3705.0,890.514979757085
2014,9,Subscriber,2,1970.0,4352.0,925.3219209558823
2014,9,Subscriber,2,1971.0,3674.0,873.603701687534
2014,9,Subscriber,2,1972.0,3826.0,921.2543125980136
2014,9,Subscriber,2,1973.0,3935.0,885.0414231257942
2014,9,Subscriber,2,1974.0,4101.0,956.0453547915142
2014,9,Subscriber,2,1975.0,3521.0,1386.4691848906562
2014,9,Subscriber,2,1976.0,4454.0,939.3556353839246
2014,9,Subscriber,2,1977.0,5381.0,900.160750789816
2014,9,Subscriber,2,1978.0,6053.0,1028.7716834627458
2014,9,Subscriber,2,1979.0,6265.0,920.3826017557861
2014,9,Subscriber,2,1980.0,7107.0,925.4450541719432
2014,9,Subscriber,2,1981.0,7653.0,889.3058931138115
2014,9,Subscriber,2,1982.0,8149.0,880.2415020247884
2014,9,Subscriber,2,1983.0,9211.0,907.7737487786343
2014,9,Subscriber,2,1984.0,9389.0,853.3756523591437
2014,9,Subscriber,2,1985.0,10663.0,851.8730188502298
2014,9,Subscriber,2,1986.0,10253.0,843.488735004389
2014,9,Subscriber,2,1987.0,8828.0,876.3296329859538
2014,9,Subscriber,2,1988.0,8536.0,864.2720243673851
2014,9,Subscriber,2,1989.0,8557.0,946.0607689610845
2014,9,Subscriber,2,1990.0,7071.0,907.823363032103
2014,9,Subscriber,2,1991.0,5225.0,910.3171291866029
2014,9,Subscriber,2,1992.0,3434.0,783.9079790331974
2014,9,Subscriber,2,1993.0,2416.0,779.5740894039735
2014,9,Subscriber,2,1994.0,1529.0,700.2557226945717
2014,9,Subscriber,2,1995.0,614.0,847.871335504886
2014,9,Subscriber,2,1996.0,655.0,894.9755725190839
2014,9,Subscriber,2,1997.0,219.0,947.4566210045662
2014,9,Subscriber,2,1998.0,114.0,985.5964912280701
2014,10,Customer,0,1979.0,69081.0,1841.3260375501222
2014,10,Customer,1,1971.0,1.0,153.0
2014,10,Customer,1,1979.0,1.0,848.0
2014,10,Subscriber,0,1990.0,83.0,624.144578313253
2014,10,Subscriber,0,1996.0,197.0,502.7208121827411
2014,10,Subscriber,1,1899.0,35.0,1014.0857142857143
2014,10,Subscriber,1,1900.0,163.0,901.9938650306749
2014,10,Subscriber,1,1901.0,72.0,783.5416666666666
2014,10,Subscriber,1,1907.0,11.0,569.7272727272727
2014,10,Subscriber,1,1910.0,5.0,1464.6
2014,10,Subscriber,1,1917.0,7.0,690.7142857142857
2014,10,Subscriber,1,1921.0,1.0,76.0
2014,10,Subscriber,1,1922.0,6.0,735.8333333333334
2014,10,Subscriber,1,1925.0,3.0,662.6666666666666
2014,10,Subscriber,1,1926.0,5.0,755.0
2014,10,Subscriber,1,1930.0,5.0,1756.6
2014,10,Subscriber,1,1932.0,15.0,683.5333333333333
2014,10,Subscriber,1,1933.0,32.0,378.5625
2014,10,Subscriber,1,1934.0,84.0,564.4761904761905
2014,10,Subscriber,1,1935.0,85.0,850.3882352941176
2014,10,Subscriber,1,1936.0,57.0,1265.5263157894738
2014,10,Subscriber,1,1937.0,27.0,784.6296296296297
2014,10,Subscriber,1,1938.0,184.0,1141.016304347826
2014,10,Subscriber,1,1939.0,87.0,714.1494252873563
2014,10,Subscriber,1,1940.0,379.0,694.7862796833773
2014,10,Subscriber,1,1941.0,608.0,871.3371710526316
2014,10,Subscriber,1,1942.0,782.0,849.6982097186701
2014,10,Subscriber,1,1943.0,318.0,864.933962264151
2014,10,Subscriber,1,1944.0,774.0,798.0271317829457
2014,10,Subscriber,1,1945.0,764.0,787.5
2014,10,Subscriber,1,1946.0,945.0,739.1978835978836
2014,10,Subscriber,1,1947.0,1330.0,832.9541353383458
2014,10,Subscriber,1,1948.0,1808.0,816.5425884955753
2014,10,Subscriber,1,1949.0,1785.0,873.8974789915966
2014,10,Subscriber,1,1950.0,1945.0,868.3480719794344
2014,10,Subscriber,1,1951.0,3067.0,896.8822954026737
2014,10,Subscriber,1,1952.0,3103.0,796.5839510151467
2014,10,Subscriber,1,1953.0,4750.0,890.5968421052631
2014,10,Subscriber,1,1954.0,4553.0,813.0966395783
2014,10,Subscriber,1,1955.0,4691.0,748.3869111063739
2014,10,Subscriber,1,1956.0,5559.0,775.2324159021407
2014,10,Subscriber,1,1957.0,5446.0,789.6066838046272
2014,10,Subscriber,1,1958.0,6615.0,824.5827664399093
2014,10,Subscriber,1,1959.0,6968.0,783.3932261768083
2014,10,Subscriber,1,1960.0,8831.0,794.6839542520665
2014,10,Subscriber,1,1961.0,7975.0,749.7232601880878
2014,10,Subscriber,1,1962.0,9197.0,776.3058606067195
2014,10,Subscriber,1,1963.0,10852.0,850.3025248802064
2014,10,Subscriber,1,1964.0,10731.0,774.7665641599106
2014,10,Subscriber,1,1965.0,9981.0,796.4595731890593
2014,10,Subscriber,1,1966.0,10379.0,790.5278928605838
2014,10,Subscriber,1,1967.0,11897.0,731.1699588131462
2014,10,Subscriber,1,1968.0,12413.0,760.9492467574318
2014,10,Subscriber,1,1969.0,13447.0,747.4586896705584
2014,10,Subscriber,1,1970.0,15351.0,781.9146635398346
2014,10,Subscriber,1,1971.0,14357.0,754.8100578115206
2014,10,Subscriber,1,1972.0,12980.0,801.0280431432974
2014,10,Subscriber,1,1973.0,13286.0,746.8708414872798
2014,10,Subscriber,1,1974.0,15026.0,771.910355384001
2014,10,Subscriber,1,1975.0,14927.0,1131.6334159576606
2014,10,Subscriber,1,1976.0,15878.0,736.687807028593
2014,10,Subscriber,1,1977.0,16649.0,763.850321340621
2014,10,Subscriber,1,1978.0,17257.0,738.1138088891464
2014,10,Subscriber,1,1979.0,17989.0,744.3475457223859
2014,10,Subscriber,1,1980.0,19075.0,726.1414941022281
2014,10,Subscriber,1,1981.0,21221.0,749.0262004618068
2014,10,Subscriber,1,1982.0,21362.0,809.5479823986518
2014,10,Subscriber,1,1983.0,23992.0,768.8883794598199
2014,10,Subscriber,1,1984.0,23585.0,775.7821920712317
2014,10,Subscriber,1,1985.0,22079.0,752.8249920739164
2014,10,Subscriber,1,1986.0,22882.0,740.5134166593829
2014,10,Subscriber,1,1987.0,20905.0,717.8818464482181
2014,10,Subscriber,1,1988.0,20955.0,711.5540921021236
2014,10,Subscriber,1,1989.0,20057.0,775.2644463279653
2014,10,Subscriber,1,1990.0,18651.0,762.2022411666935
2014,10,Subscriber,1,1991.0,11685.0,749.5115104835259
2014,10,Subscriber,1,1992.0,6959.0,687.7574364132778
2014,10,Subscriber,1,1993.0,5948.0,620.7355413584398
2014,10,Subscriber,1,1994.0,4618.0,562.711130359463
2014,10,Subscriber,1,1995.0,3916.0,628.4946373850868
2014,10,Subscriber,1,1996.0,1265.0,596.5430830039526
2014,10,Subscriber,1,1997.0,1008.0,712.1438492063492
2014,10,Subscriber,1,1998.0,597.0,2826.7403685092127
2014,10,Subscriber,2,1899.0,3.0,2489.0
2014,10,Subscriber,2,1900.0,10.0,801.8
2014,10,Subscriber,2,1926.0,17.0,1007.5294117647059
2014,10,Subscriber,2,1931.0,3.0,556.6666666666666
2014,10,Subscriber,2,1932.0,11.0,460.09090909090907
2014,10,Subscriber,2,1935.0,12.0,716.4166666666666
2014,10,Subscriber,2,1936.0,25.0,3284.96
2014,10,Subscriber,2,1938.0,41.0,929.9268292682926
2014,10,Subscriber,2,1939.0,1.0,1162.0
2014,10,Subscriber,2,1940.0,25.0,1434.48
2014,10,Subscriber,2,1941.0,86.0,847.2325581395348
2014,10,Subscriber,2,1942.0,41.0,740.5365853658536
2014,10,Subscriber,2,1943.0,115.0,786.2608695652174
2014,10,Subscriber,2,1944.0,68.0,1186.5441176470588
2014,10,Subscriber,2,1945.0,165.0,780.6848484848484
2014,10,Subscriber,2,1946.0,105.0,925.7142857142857
2014,10,Subscriber,2,1947.0,242.0,1485.9338842975208
2014,10,Subscriber,2,1948.0,282.0,1058.0921985815603
2014,10,Subscriber,2,1949.0,292.0,1011.1541095890411
2014,10,Subscriber,2,1950.0,528.0,825.0473484848485
2014,10,Subscriber,2,1951.0,567.0,891.6119929453263
2014,10,Subscriber,2,1952.0,631.0,831.0221870047544
2014,10,Subscriber,2,1953.0,830.0,964.9638554216867
2014,10,Subscriber,2,1954.0,1617.0,958.3871366728509
2014,10,Subscriber,2,1955.0,1156.0,1009.219723183391
2014,10,Subscriber,2,1956.0,1530.0,908.8692810457517
2014,10,Subscriber,2,1957.0,2136.0,893.4541198501872
2014,10,Subscriber,2,1958.0,2201.0,793.7601090413449
2014,10,Subscriber,2,1959.0,2068.0,917.3254352030948
2014,10,Subscriber,2,1960.0,2544.0,855.8679245283018
2014,10,Subscriber,2,1961.0,2284.0,855.2609457092819
2014,10,Subscriber,2,1962.0,2791.0,897.9158007882479
2014,10,Subscriber,2,1963.0,2686.0,861.2248696947133
2014,10,Subscriber,2,1964.0,2392.0,862.5284280936455
2014,10,Subscriber,2,1965.0,2914.0,841.7319835277968
2014,10,Subscriber,2,1966.0,2880.0,893.7444444444444
2014,10,Subscriber,2,1967.0,2682.0,893.6267710663684
2014,10,Subscriber,2,1968.0,2701.0,802.3472787856349
2014,10,Subscriber,2,1969.0,3416.0,1022.3067915690866
2014,10,Subscriber,2,1970.0,3791.0,1015.2840939066209
2014,10,Subscriber,2,1971.0,3336.0,952.1981414868105
2014,10,Subscriber,2,1972.0,3335.0,849.5511244377811
2014,10,Subscriber,2,1973.0,3323.0,1041.388805296419
2014,10,Subscriber,2,1974.0,3355.0,855.6798807749627
2014,10,Subscriber,2,1975.0,2874.0,846.1120389700766
2014,10,Subscriber,2,1976.0,3692.0,909.3057963163596
2014,10,Subscriber,2,1977.0,4267.0,966.3672369346145
2014,10,Subscriber,2,1978.0,5074.0,849.0394166338194
2014,10,Subscriber,2,1979.0,4958.0,906.1611536910044
2014,10,Subscriber,2,1980.0,5728.0,904.802374301676
2014,10,Subscriber,2,1981.0,6251.0,838.7558790593505
2014,10,Subscriber,2,1982.0,6279.0,857.6222328396242
2014,10,Subscriber,2,1983.0,7602.0,815.32636148382
2014,10,Subscriber,2,1984.0,7511.0,878.4311010517907
2014,10,Subscriber,2,1985.0,8903.0,817.7405368976749
2014,10,Subscriber,2,1986.0,8999.0,884.037004111568
2014,10,Subscriber,2,1987.0,7474.0,882.7104629381857
2014,10,Subscriber,2,1988.0,7181.0,945.7870770087732
2014,10,Subscriber,2,1989.0,6849.0,899.2779967878522
2014,10,Subscriber,2,1990.0,6061.0,867.6952648077875
2014,10,Subscriber,2,1991.0,4431.0,792.427894380501
2014,10,Subscriber,2,1992.0,2959.0,822.3548496113552
2014,10,Subscriber,2,1993.0,2514.0,747.2915672235481
2014,10,Subscriber,2,1994.0,1615.0,710.6303405572755
2014,10,Subscriber,2,1995.0,822.0,1108.5231143552312
2014,10,Subscriber,2,1996.0,520.0,871.8230769230769
2014,10,Subscriber,2,1997.0,184.0,800.8913043478261
2014,10,Subscriber,2,1998.0,125.0,750.616
2014,11,Customer,0,1978.0,28007.0,1876.9681151140787
2014,11,Customer,1,1978.0,1.0,17057.0
2014,11,Subscriber,0,1990.0,71.0,411.38028169014086
2014,11,Subscriber,0,1996.0,96.0,513.90625
2014,11,Subscriber,1,1899.0,4.0,1204.0
2014,11,Subscriber,1,1900.0,116.0,977.9568965517242
2014,11,Subscriber,1,1901.0,49.0,805.8775510204082
2014,11,Subscriber,1,1907.0,3.0,703.3333333333334
2014,11,Subscriber,1,1910.0,3.0,1719.0
2014,11,Subscriber,1,1917.0,1.0,374.0
2014,11,Subscriber,1,1922.0,15.0,455.6
2014,11,Subscriber,1,1925.0,2.0,659.5
2014,11,Subscriber,1,1927.0,2.0,459.5
2014,11,Subscriber,1,1932.0,8.0,1299.375
2014,11,Subscriber,1,1933.0,21.0,384.9047619047619
2014,11,Subscriber,1,1934.0,51.0,352.8627450980392
2014,11,Subscriber,1,1935.0,52.0,745.3846153846154
2014,11,Subscriber,1,1936.0,21.0,646.952380952381
2014,11,Subscriber,1,1937.0,2.0,996.0
2014,11,Subscriber,1,1938.0,107.0,889.411214953271
2014,11,Subscriber,1,1939.0,87.0,535.2988505747127
2014,11,Subscriber,1,1940.0,353.0,716.0198300283286
2014,11,Subscriber,1,1941.0,388.0,893.6701030927835
2014,11,Subscriber,1,1942.0,579.0,858.740932642487
2014,11,Subscriber,1,1943.0,207.0,1109.4541062801932
2014,11,Subscriber,1,1944.0,524.0,791.2557251908397
2014,11,Subscriber,1,1945.0,543.0,652.9650092081031
2014,11,Subscriber,1,1946.0,727.0,831.3562585969738
2014,11,Subscriber,1,1947.0,959.0,813.9384775808134
2014,11,Subscriber,1,1948.0,1373.0,781.238164603059
2014,11,Subscriber,1,1949.0,1212.0,1286.2656765676568
2014,11,Subscriber,1,1950.0,1423.0,860.9248067463107
2014,11,Subscriber,1,1951.0,2238.0,835.0714924039321
2014,11,Subscriber,1,1952.0,2211.0,705.3107191316146
2014,11,Subscriber,1,1953.0,3318.0,740.4080771549126
2014,11,Subscriber,1,1954.0,3382.0,819.4228267297457
2014,11,Subscriber,1,1955.0,3474.0,733.7472654001151
2014,11,Subscriber,1,1956.0,3915.0,764.3310344827586
2014,11,Subscriber,1,1957.0,3680.0,961.5845108695652
2014,11,Subscriber,1,1958.0,4885.0,739.996110542477
2014,11,Subscriber,1,1959.0,5059.0,741.2439217236608
2014,11,Subscriber,1,1960.0,6165.0,851.8590429845905
2014,11,Subscriber,1,1961.0,5613.0,706.0520220915731
2014,11,Subscriber,1,1962.0,6655.0,766.3926371149512
2014,11,Subscriber,1,1963.0,7823.0,768.7139204908602
2014,11,Subscriber,1,1964.0,7595.0,734.6792626728111
2014,11,Subscriber,1,1965.0,7168.0,726.7674386160714
2014,11,Subscriber,1,1966.0,7208.0,728.9551886792453
2014,11,Subscriber,1,1967.0,7927.0,721.6520751860729
2014,11,Subscriber,1,1968.0,8551.0,695.5764238100807
2014,11,Subscriber,1,1969.0,9258.0,749.8240440699935
2014,11,Subscriber,1,1970.0,10396.0,710.6031165833012
2014,11,Subscriber,1,1971.0,9276.0,694.0240405347132
2014,11,Subscriber,1,1972.0,8594.0,717.7385385152432
2014,11,Subscriber,1,1973.0,8929.0,714.118490312465
2014,11,Subscriber,1,1974.0,10002.0,681.3907218556288
2014,11,Subscriber,1,1975.0,10003.0,674.0539838048585
2014,11,Subscriber,1,1976.0,10430.0,690.459635666347
2014,11,Subscriber,1,1977.0,10691.0,701.0923206435319
2014,11,Subscriber,1,1978.0,11439.0,692.2235335256578
2014,11,Subscriber,1,1979.0,11438.0,701.6796642769715
2014,11,Subscriber,1,1980.0,12339.0,670.056730691304
2014,11,Subscriber,1,1981.0,13418.0,849.3174094499925
2014,11,Subscriber,1,1982.0,13592.0,675.4015597410241
2014,11,Subscriber,1,1983.0,15373.0,720.4617185975411
2014,11,Subscriber,1,1984.0,15192.0,685.0816877303844
2014,11,Subscriber,1,1985.0,14131.0,674.0053782464086
2014,11,Subscriber,1,1986.0,14555.0,698.7599450360701
2014,11,Subscriber,1,1987.0,13439.0,653.6571173450405
2014,11,Subscriber,1,1988.0,13240.0,660.0152567975831
2014,11,Subscriber,1,1989.0,13085.0,698.8549484142147
2014,11,Subscriber,1,1990.0,12588.0,665.0602955195424
2014,11,Subscriber,1,1991.0,7481.0,719.2410105600856
2014,11,Subscriber,1,1992.0,4239.0,603.175277188016
2014,11,Subscriber,1,1993.0,4129.0,559.1477355291838
2014,11,Subscriber,1,1994.0,3440.0,549.8688953488372
2014,11,Subscriber,1,1995.0,2907.0,893.2738218094255
2014,11,Subscriber,1,1996.0,1056.0,859.5710227272727
2014,11,Subscriber,1,1997.0,827.0,574.0145102781137
2014,11,Subscriber,1,1998.0,542.0,992.6439114391144
2014,11,Subscriber,2,1900.0,2.0,494.5
2014,11,Subscriber,2,1926.0,16.0,839.3125
2014,11,Subscriber,2,1931.0,1.0,503.0
2014,11,Subscriber,2,1932.0,11.0,927.3636363636364
2014,11,Subscriber,2,1935.0,14.0,618.6428571428571
2014,11,Subscriber,2,1936.0,17.0,446.47058823529414
2014,11,Subscriber,2,1938.0,19.0,733.7894736842105
2014,11,Subscriber,2,1939.0,3.0,649.0
2014,11,Subscriber,2,1940.0,9.0,1604.0
2014,11,Subscriber,2,1941.0,45.0,714.9333333333333
2014,11,Subscriber,2,1942.0,40.0,674.075
2014,11,Subscriber,2,1943.0,77.0,814.025974025974
2014,11,Subscriber,2,1944.0,69.0,1190.3623188405797
2014,11,Subscriber,2,1945.0,79.0,820.2911392405064
2014,11,Subscriber,2,1946.0,60.0,833.75
2014,11,Subscriber,2,1947.0,150.0,755.66
2014,11,Subscriber,2,1948.0,231.0,744.5497835497836
2014,11,Subscriber,2,1949.0,212.0,1002.816037735849
2014,11,Subscriber,2,1950.0,344.0,848.8488372093024
2014,11,Subscriber,2,1951.0,381.0,718.0209973753281
2014,11,Subscriber,2,1952.0,407.0,860.7444717444718
2014,11,Subscriber,2,1953.0,610.0,782.6918032786886
2014,11,Subscriber,2,1954.0,1083.0,865.2003693444136
2014,11,Subscriber,2,1955.0,785.0,749.512101910828
2014,11,Subscriber,2,1956.0,1045.0,894.1291866028708
2014,11,Subscriber,2,1957.0,1456.0,929.9759615384615
2014,11,Subscriber,2,1958.0,1366.0,774.6112737920937
2014,11,Subscriber,2,1959.0,1438.0,751.7753824756606
2014,11,Subscriber,2,1960.0,2054.0,841.6723466407011
2014,11,Subscriber,2,1961.0,1583.0,760.9115603284902
2014,11,Subscriber,2,1962.0,1998.0,832.9534534534534
2014,11,Subscriber,2,1963.0,1878.0,835.3455804046858
2014,11,Subscriber,2,1964.0,1548.0,757.9605943152454
2014,11,Subscriber,2,1965.0,2128.0,811.1912593984962
2014,11,Subscriber,2,1966.0,1857.0,853.5853527194399
2014,11,Subscriber,2,1967.0,1845.0,946.3176151761518
2014,11,Subscriber,2,1968.0,1775.0,827.9154929577464
2014,11,Subscriber,2,1969.0,2220.0,934.1463963963964
2014,11,Subscriber,2,1970.0,2610.0,793.9662835249043
2014,11,Subscriber,2,1971.0,2093.0,832.7271858576206
2014,11,Subscriber,2,1972.0,2234.0,784.5008952551477
2014,11,Subscriber,2,1973.0,1991.0,790.991461577097
2014,11,Subscriber,2,1974.0,2185.0,773.7199084668192
2014,11,Subscriber,2,1975.0,1809.0,756.1498065229408
2014,11,Subscriber,2,1976.0,2469.0,853.6132037262049
2014,11,Subscriber,2,1977.0,2725.0,771.8381651376146
2014,11,Subscriber,2,1978.0,3255.0,830.4559139784947
2014,11,Subscriber,2,1979.0,3144.0,784.1695292620865
2014,11,Subscriber,2,1980.0,3611.0,735.9717529770147
2014,11,Subscriber,2,1981.0,3809.0,726.7742189551063
2014,11,Subscriber,2,1982.0,3747.0,776.024552975714
2014,11,Subscriber,2,1983.0,4607.0,759.2860863902756
2014,11,Subscriber,2,1984.0,4530.0,791.9333333333333
2014,11,Subscriber,2,1985.0,5237.0,768.7893832346764
2014,11,Subscriber,2,1986.0,5435.0,770.6366145354186
2014,11,Subscriber,2,1987.0,4405.0,783.4306469920544
2014,11,Subscriber,2,1988.0,4337.0,771.4872031358082
2014,11,Subscriber,2,1989.0,4145.0,753.1881785283474
2014,11,Subscriber,2,1990.0,3884.0,781.9085993820803
2014,11,Subscriber,2,1991.0,2638.0,743.8582259287339
2014,11,Subscriber,2,1992.0,1770.0,702.1723163841808
2014,11,Subscriber,2,1993.0,1631.0,711.4169221336604
2014,11,Subscriber,2,1994.0,966.0,637.1987577639752
2014,11,Subscriber,2,1995.0,611.0,685.4975450081834
2014,11,Subscriber,2,1996.0,356.0,827.1769662921348
2014,11,Subscriber,2,1997.0,123.0,789.650406504065
2014,11,Subscriber,2,1998.0,72.0,779.7083333333334
2014,12,Customer,0,1977.0,16495.0,1869.7321006365564
2014,12,Subscriber,0,1990.0,3.0,416.3333333333333
2014,12,Subscriber,0,1996.0,55.0,548.0545454545454
2014,12,Subscriber,1,1899.0,5.0,714.6
2014,12,Subscriber,1,1900.0,109.0,953.1559633027523
2014,12,Subscriber,1,1901.0,45.0,618.7333333333333
2014,12,Subscriber,1,1910.0,2.0,1529.5
2014,12,Subscriber,1,1921.0,6.0,354.1666666666667
2014,12,Subscriber,1,1922.0,5.0,521.4
2014,12,Subscriber,1,1925.0,1.0,672.0
2014,12,Subscriber,1,1926.0,1.0,548.0
2014,12,Subscriber,1,1927.0,2.0,469.5
2014,12,Subscriber,1,1930.0,9.0,294.44444444444446
2014,12,Subscriber,1,1932.0,1.0,469.0
2014,12,Subscriber,1,1933.0,27.0,372.81481481481484
2014,12,Subscriber,1,1934.0,56.0,378.0892857142857
2014,12,Subscriber,1,1935.0,35.0,413.2857142857143
2014,12,Subscriber,1,1936.0,26.0,628.1153846153846
2014,12,Subscriber,1,1937.0,14.0,680.5
2014,12,Subscriber,1,1938.0,130.0,1122.2923076923078
2014,12,Subscriber,1,1939.0,73.0,810.2465753424658
2014,12,Subscriber,1,1940.0,208.0,667.2067307692307
2014,12,Subscriber,1,1941.0,406.0,902.1305418719212
2014,12,Subscriber,1,1942.0,545.0,983.9577981651377
2014,12,Subscriber,1,1943.0,237.0,732.1940928270042
2014,12,Subscriber,1,1944.0,412.0,722.9514563106796
2014,12,Subscriber,1,1945.0,384.0,728.3151041666666
2014,12,Subscriber,1,1946.0,667.0,769.2848575712144
2014,12,Subscriber,1,1947.0,734.0,740.4073569482289
2014,12,Subscriber,1,1948.0,1110.0,712.5198198198199
2014,12,Subscriber,1,1949.0,1037.0,948.9276759884282
2014,12,Subscriber,1,1950.0,1206.0,748.9303482587064
2014,12,Subscriber,1,1951.0,2025.0,856.7792592592592
2014,12,Subscriber,1,1952.0,1812.0,696.7102649006622
2014,12,Subscriber,1,1953.0,2830.0,744.1339222614841
2014,12,Subscriber,1,1954.0,3030.0,743.1145214521453
2014,12,Subscriber,1,1955.0,3081.0,712.7059396299902
2014,12,Subscriber,1,1956.0,3399.0,792.8752574286555
2014,12,Subscriber,1,1957.0,3257.0,707.6806877494627
2014,12,Subscriber,1,1958.0,4323.0,710.8621327781633
2014,12,Subscriber,1,1959.0,4166.0,709.8677388382141
2014,12,Subscriber,1,1960.0,5275.0,698.7228436018958
2014,12,Subscriber,1,1961.0,4734.0,692.5496408956485
2014,12,Subscriber,1,1962.0,5628.0,724.9472281449894
2014,12,Subscriber,1,1963.0,6739.0,723.4367116782905
2014,12,Subscriber,1,1964.0,6520.0,688.9527607361963
2014,12,Subscriber,1,1965.0,5957.0,733.9546751720665
2014,12,Subscriber,1,1966.0,6156.0,723.6684535412605
2014,12,Subscriber,1,1967.0,6886.0,673.9819924484461
2014,12,Subscriber,1,1968.0,6899.0,689.8317147412669
2014,12,Subscriber,1,1969.0,8107.0,674.9563340323177
2014,12,Subscriber,1,1970.0,8542.0,710.5408569421681
2014,12,Subscriber,1,1971.0,7571.0,695.846783780214
2014,12,Subscriber,1,1972.0,7030.0,658.8118065433855
2014,12,Subscriber,1,1973.0,6969.0,745.5058114507103
2014,12,Subscriber,1,1974.0,8207.0,653.622395516023
2014,12,Subscriber,1,1975.0,7936.0,642.5160030241935
2014,12,Subscriber,1,1976.0,7639.0,641.6519177902867
2014,12,Subscriber,1,1977.0,8451.0,662.4931960714708
2014,12,Subscriber,1,1978.0,9061.0,651.5333848361108
2014,12,Subscriber,1,1979.0,8961.0,638.0314697020422
2014,12,Subscriber,1,1980.0,9141.0,678.9513182365168
2014,12,Subscriber,1,1981.0,10443.0,648.629608350091
2014,12,Subscriber,1,1982.0,10042.0,658.3503286197969
2014,12,Subscriber,1,1983.0,11929.0,657.9097996479169
2014,12,Subscriber,1,1984.0,11589.0,638.3324704461127
2014,12,Subscriber,1,1985.0,10561.0,667.7708550326673
2014,12,Subscriber,1,1986.0,10223.0,626.314878215788
2014,12,Subscriber,1,1987.0,10122.0,629.8271092669432
2014,12,Subscriber,1,1988.0,9602.0,660.3157675484274
2014,12,Subscriber,1,1989.0,8921.0,652.0924784217016
2014,12,Subscriber,1,1990.0,9002.0,640.8818040435459
2014,12,Subscriber,1,1991.0,5012.0,613.5550678371908
2014,12,Subscriber,1,1992.0,2792.0,659.7260028653295
2014,12,Subscriber,1,1993.0,2650.0,543.9641509433962
2014,12,Subscriber,1,1994.0,1907.0,531.371788148925
2014,12,Subscriber,1,1995.0,1767.0,551.3757781550651
2014,12,Subscriber,1,1996.0,649.0,631.9861325115562
2014,12,Subscriber,1,1997.0,648.0,529.1280864197531
2014,12,Subscriber,1,1998.0,455.0,1081.1076923076923
2014,12,Subscriber,2,1900.0,6.0,691.3333333333334
2014,12,Subscriber,2,1926.0,8.0,874.0
2014,12,Subscriber,2,1931.0,2.0,205.5
2014,12,Subscriber,2,1932.0,1.0,663.0
2014,12,Subscriber,2,1935.0,11.0,424.1818181818182
2014,12,Subscriber,2,1936.0,3.0,378.3333333333333
2014,12,Subscriber,2,1938.0,12.0,856.25
2014,12,Subscriber,2,1939.0,7.0,1118.0
2014,12,Subscriber,2,1940.0,1.0,1479.0
2014,12,Subscriber,2,1941.0,63.0,843.6984126984127
2014,12,Subscriber,2,1942.0,54.0,686.3333333333334
2014,12,Subscriber,2,1943.0,61.0,821.8032786885246
2014,12,Subscriber,2,1944.0,24.0,1144.7916666666667
2014,12,Subscriber,2,1945.0,66.0,876.3333333333334
2014,12,Subscriber,2,1946.0,62.0,654.9354838709677
2014,12,Subscriber,2,1947.0,85.0,938.9294117647058
2014,12,Subscriber,2,1948.0,165.0,915.0060606060606
2014,12,Subscriber,2,1949.0,130.0,784.276923076923
2014,12,Subscriber,2,1950.0,239.0,710.9916317991632
2014,12,Subscriber,2,1951.0,366.0,729.3852459016393
2014,12,Subscriber,2,1952.0,331.0,955.797583081571
2014,12,Subscriber,2,1953.0,473.0,834.8879492600423
2014,12,Subscriber,2,1954.0,912.0,1016.3640350877193
2014,12,Subscriber,2,1955.0,679.0,777.7437407952872
2014,12,Subscriber,2,1956.0,818.0,820.9963325183375
2014,12,Subscriber,2,1957.0,1077.0,762.9424326833797
2014,12,Subscriber,2,1958.0,1239.0,783.911218724778
2014,12,Subscriber,2,1959.0,1175.0,829.567659574468
2014,12,Subscriber,2,1960.0,1614.0,835.9231722428749
2014,12,Subscriber,2,1961.0,1167.0,725.3830334190231
2014,12,Subscriber,2,1962.0,1512.0,847.1772486772487
2014,12,Subscriber,2,1963.0,1382.0,856.0296671490594
2014,12,Subscriber,2,1964.0,1094.0,713.9798903107861
2014,12,Subscriber,2,1965.0,1602.0,841.6154806491885
2014,12,Subscriber,2,1966.0,1408.0,804.1754261363636
2014,12,Subscriber,2,1967.0,1423.0,854.8271257905833
2014,12,Subscriber,2,1968.0,1223.0,779.2101390024529
2014,12,Subscriber,2,1969.0,1797.0,864.1825264329437
2014,12,Subscriber,2,1970.0,1975.0,995.2784810126582
2014,12,Subscriber,2,1971.0,1546.0,838.9294954721863
2014,12,Subscriber,2,1972.0,1614.0,729.5576208178438
2014,12,Subscriber,2,1973.0,1578.0,910.6660329531052
2014,12,Subscriber,2,1974.0,1545.0,927.7864077669902
2014,12,Subscriber,2,1975.0,1281.0,727.0538641686182
2014,12,Subscriber,2,1976.0,1868.0,812.0952890792291
2014,12,Subscriber,2,1977.0,2002.0,686.7487512487512
2014,12,Subscriber,2,1978.0,2267.0,841.2717247463609
2014,12,Subscriber,2,1979.0,2166.0,729.7349953831948
2014,12,Subscriber,2,1980.0,2676.0,710.0377428998505
2014,12,Subscriber,2,1981.0,2448.0,836.1127450980392
2014,12,Subscriber,2,1982.0,2573.0,697.0244850369219
2014,12,Subscriber,2,1983.0,3180.0,664.8132075471698
2014,12,Subscriber,2,1984.0,2901.0,731.1368493622889
2014,12,Subscriber,2,1985.0,3538.0,814.2040700960995
2014,12,Subscriber,2,1986.0,3738.0,709.1554307116105
2014,12,Subscriber,2,1987.0,2815.0,761.0056838365897
2014,12,Subscriber,2,1988.0,2631.0,915.4792854427974
2014,12,Subscriber,2,1989.0,2519.0,756.9114728066693
2014,12,Subscriber,2,1990.0,2261.0,779.4166298098187
2014,12,Subscriber,2,1991.0,1620.0,759.6975308641976
2014,12,Subscriber,2,1992.0,993.0,634.9869083585096
2014,12,Subscriber,2,1993.0,970.0,661.319587628866
2014,12,Subscriber,2,1994.0,514.0,560.9435797665369
2014,12,Subscriber,2,1995.0,368.0,760.3804347826087
2014,12,Subscriber,2,1996.0,326.0,869.3282208588957
2014,12,Subscriber,2,1997.0,97.0,750.0103092783505
2014,12,Subscriber,2,1998.0,75.0,801.4
