,station_id,station_name,station_latitude,station_longitude
1,3000.0,MLSWKiosk,40.755467,-73.986536
26,3020.0,NYCBS Test,40.6466068,-74.01597
114,3019.0,NYCBS Depot - DEL,40.716633,-73.981933
3,464.0,E 56 St & 3 Ave,40.75934501,-73.96759673
4,271.0,Ashland Pl & Hanson Pl,40.685226719472546,-73.97800147533417
5,404.0,9 Ave & W 14 St,40.7405826,-74.00550867
7,431.0,Hanover Pl & Livingston St,40.68864636,-73.98263429
8,3133.0,E 67 St & Lexington Ave,40.76734259143217,-73.96485865116121
9,3181.0,Soissons Landing,40.692609,-74.016398
13,538.0,E 48 St & Madison Ave,40.75666,-73.97668399999998
14,318.0,E 43 St & Vanderbilt Ave,40.75320159,-73.9779874
16,3149.0,E 82 St & 2 Ave,40.77517793,-73.95324922
46,218.0,Gallatin Pl & Livingston St,40.69028437,-73.98707105
95,290.0,2 Ave & E 58 St,40.76020258,-73.96478473
0,3234.0,E 40 St & Madison Ave,40.75159368451112,-73.98043155670166
1,294.0,Washington Square E,40.73049393,-73.99572140000002
2,512.0,W 29 St & 9 Ave,40.7500727,-73.99839279
5,3104.0,KentAve&N7 St,40.72057658,-73.96150225
6,3229.0,Marcy Ave & MacDonough St,40.68061768455451,-73.94624948501588
7,3014.0,3969.TEMP (Bike The Branches - Central Branch),40.722852,-73.959114
8,3252.0,Bike The Branches - Red Hook Branch,40.67534953067412,-74.01002034544946
10,3097.0,N Henry St & Richardson St,40.71921585,-73.94244690000002
11,521.0,8 Ave & W 31 St N,40.75096734871597,-73.99444207549095
12,463.0,9 Ave & W 16 St,40.74206539,-74.00443172
14,233.0,Cadman Plaza W & Pierrepont St,40.69475701363877,-73.99052739143372
16,375.0,Mercer St & Bleecker St S,40.72679454,-73.99695094
18,250.0,Lafayette St & Jersey St N,40.72456089,-73.99565293
20,300.0,Shevchenko Pl & E 7 St,40.728145,-73.990214
21,3385.0,2 Ave & E 105 St,40.7898175,-73.94296109
22,510.0,W 51 St & 6 Ave,40.7606597,-73.98042047
23,3266.0,Kiosk in a box Deployment,40.70861098096821,-73.92850399017334
24,3222.0,Hanson Pl & St Felix St,40.68515959989177,-73.97711366415024
25,3138.0,E 77 St & Park Ave,40.774405455003,-73.96175265312193
26,160.0,E 37 St & Lexington Ave,40.44535,-73.978238
28,3291.0,Riverside Dr & W 91 St,40.7933718,-73.97685115
31,3287.0,W 87 St & West End Ave,40.790261,-73.977131
32,263.0,Elizabeth St & Hester St,40.71759081805981,-73.99622440338135
33,329.0,Greenwich St & North Moore St,40.72015227023285,-74.01036500930786
39,3089.0,Leonard St & Meeker Ave,40.717318403855785,-73.9482021331787
40,137.0,E 56 St & Madison Ave,40.761628,-73.972924
43,3084.0,Devoe St & Leonard St,40.71348658,-73.94792458
44,3099.0,Leonard St & Manhattan Ave,40.72152240339303,-73.94898265600203
46,3079.0,Leonard St & Grand St,40.71103537,-73.94714303
47,352.0,W 56 St & 6 Ave,40.76340613,-73.97722479
0,367.0,E 53 St & Lexington Ave,40.75828065,-73.97069431
1,3446.0,NYCBS Depot - STY - Valet Scan,0.0,0.0
2,3237.0,21 St & 41 Ave,40.75383343437622,-73.94267678260802
3,3017.0,NYCBS Depot - FAR,40.751483,-73.996764
4,3246.0,Montague St & Clinton St,40.694281141397326,-73.99230033159256
5,3230.0,Penn Station Valet,40.751283596962296,-73.99692445993422
6,475.0,E 16 St & Irving Pl,40.73524276,-73.98758561
7,3098.0,Leonard St & Bayard St,40.71928,-73.94861
10,2004.0,6 Ave & Broome St,40.724399,-74.004704
11,3265.0,E 2 St & 2 Ave E,40.7245634290432,-73.9894437789917
12,3264.0,E 61 St & Park Ave,40.76421007169064,-73.96910458803177
13,3114.0,India St & East River,40.73165141,-73.96161892
14,3450.0,Penn Station Valet - Valet Scan,40.7512836,-73.9969245
15,255.0,NYCBS Depot - SSP,40.646768,-74.01651
16,225.0,W 14 St & The High Line,40.74195138,-74.00803013
18,147.0,Greenwich St & Warren St,40.71542197,-74.01121978
19,3253.0,Bike The Branches - Central Branch,40.67280641227746,-73.96886587142943
21,3219.0,NYCBS Depot - STY,40.729193,-73.97665500000002
22,488.0,W 39 St & 9 Ave,40.75645824,-73.99372222
23,3257.0,Adventures NYC,40.77376867022874,-73.97116988897324
24,3248.0,LPI Facility,0.0,0.0
26,3111.0,Norman Ave & Leonard St - 2,40.7258483,-73.95064893
27,511.0,E 14 St & Avenue B,40.72938685,-73.97772429
28,3445.0,Riverside Dr & W 89 St,40.791811715010965,-73.9786022901535
32,3470.0,Expansion Tech Station,40.669801930896156,-73.994904756546
33,3353.0,Reed St & Van Brunt St,40.6747844,-74.01612847
34,348.0,W Broadway & Spring St,40.72490985,-74.00154702
35,395.0,Bond St & Schermerhorn St,40.68807003,-73.98410637
36,3633.0,333 Johnson TEST 1,0.0,0.0
37,384.0,Fulton St & Washington Ave,40.683048,-73.964915
39,3480.0,WS Don't Use,0.0,0.0
42,444.0,Broadway & W 24 St,40.7423543,-73.98915076
43,153.0,E 40 St & 5 Ave,40.752062306999996,-73.9816324043
44,3436.0,Greenwich St & Hubert St,40.721319,-74.010065
45,3464.0,W 37 St & Broadway,40.752270938374096,-73.98770570755005
47,3476.0,Norman Ave & Leonard St,40.725769967272136,-73.9507395029068
50,3636.0,Expansion Warehouse 333 Johnson Ave,40.707731483954696,-73.93452286720277
52,3428.0,8 Ave & W 16 St,40.740983,-74.00170200000002
53,3550.0,Convent Ave & W 129 St,40.81413,-73.953005
69,3548.0,Pacific St & Bedford Ave,40.6777747,-73.9529322
809,3215.0,Central Ave,40.7467299,-74.0492509
810,3197.0,North St,40.75255900000001,-74.044725
0,428.0,E 3 St & 1 Ave,40.72467721,-73.98783413
2,3594.0,Montgomery St & Franklin Ave OLD,40.6661649,-73.95934840000002
3,430.0,York St & Jay St,40.7014851,-73.98656928
4,3238.0,E 80 St & 2 Ave,40.77391390238118,-73.9543953537941
5,449.0,W 52 St & 9 Ave,40.76461837,-73.98789473
6,3487.0,Prototype Lab Motivate Headquarters,40.65659567482039,-74.00849282741547
7,3642.0,E 98 St & Lexington Ave,40.787285198609524,-73.95012259483337
8,3672.0,Apache,40.669767091850034,-73.99474382400513
9,152.0,Warren St & Church St,40.71473993,-74.00910627
11,3643.0,E 41 St & 5 Ave,40.75272201381188,-73.98123621940613
12,3103.0,N 11 St & Wythe Ave,40.72153267,-73.95782357
13,3224.0,W 13 St & Hudson St,40.73997354103409,-74.00513872504234
14,3325.0,E 95 St & 3 Ave,40.7849032,-73.950503
15,3644.0,Van Dyke St & Van Brunt St,40.67581622522832,-74.01488184928894
16,3685.0,Prospect Park - 5 Year Anniversary Celebration,40.66065236872916,-73.9645904302597
17,527.0,E 33 St & 2 Ave,40.744023,-73.976056
18,2001.0,Sands St & Navy St,40.699773,-73.979927
19,3316.0,W 104 St & Amsterdam Ave - 1,40.7989937,-73.96621737779999
20,3447.0,E 71 St & 1 Ave,40.76703432309872,-73.95622730255127
21,3455.0,Schermerhorn St & 3 Ave,40.68680820503432,-73.98036181926726
22,3488.0,8D QC Station 01,45.506364054011385,-73.5694634914398
23,3036.0,8D OPS 01,40.66290776831685,-73.99972200393677
24,3073.0,Division Ave & Hooper St,40.70691254,-73.95441667
25,3176.0,W 64 St & West End Ave,40.77452835,-73.98753759
26,3468.0,NYCBS Depot - STY - Garage 4,40.73038010000001,-73.9747502
27,3485.0,NYCBS Depot - RIS,40.725208,-73.974724
28,3650.0,8D Mobile 01,45.506264191001186,-73.56890559196472
29,3683.0,Smart Cities Conference,40.71015471094912,-73.98453533649443
30,306.0,Cliff St & Fulton St_1,40.70823502,-74.00530063
31,3635.0,W 36 St & 9 Ave,40.754623240291046,-73.99516761302948
32,3240.0,NYCBS Depot BAL - DYR,40.759030082196055,-73.9938586950302
34,3700.0,E 87 St & 3 Ave,40.779406085297865,-73.95333588123322
36,3180.0,Brooklyn Bridge Park - Pier 2,40.69878,-73.99712
37,3695.0,E 5 St & 2 Ave,40.72686951528207,-73.9891903102398
38,3438.0,E 76 St & 3 Ave,40.772248537721744,-73.95842134952545
39,3625.0,28 St & 40 Ave,40.7525758,-73.9364281
40,537.0,Lexington Ave & E 24 St,40.74025878,-73.98409214
42,3705.0,Thompson St & Bleecker St,40.72840059450829,-73.99968780577183
43,253.0,W 13 St & 5 Ave -moved to 5947.04,40.73543934,-73.99453948
44,345.0,W 13 St & 6 Ave,40.73649403,-73.99704374
45,433.0,old - E 13 St & Avenue A,40.72955361,-73.98057249
46,3632.0,E 12 St & Avenue B,40.728048571362606,-73.97881150245668
47,457.0,Broadway & W 58 St,40.76695317,-73.98169333
51,3688.0,2 Ave & E 55 St,40.75792020879402,-73.96638214588165
52,3421.0,Hoyt St & Warren St,40.6843549,-73.98901629
53,3090.0,N 8 St & Driggs Ave,40.71774592,-73.95600096
54,232.0,Cadman Plaza E & Tillary St,40.69597683,-73.99014892
55,322.0,Clinton St & Tillary St,40.696192,-73.991218
57,3239.0,Bressler,40.646538367096475,-74.0165877342224
58,3666.0,32 St & 30 Ave,40.7664255270288,-73.92062902450563
59,3669.0,Henry St & W 9 St (OLD),40.67630357634183,-74.00314047932625
60,3120.0,Center Blvd & Borden Ave,40.74161,-73.96044
819,3188.0,NJCU,40.710108700000006,-74.0858489
820,3189.0,West Side Light Rail,40.714402,-74.0887723
821,3190.0,Garfield Ave Station,40.7104670233797,-74.07003879547119
822,3200.0,MLK Light Rail,40.7111305,-74.0788855
823,3216.0,Columbia Park,40.6970299,-74.09693659999998
824,3217.0,Bayside Park,40.698650544,-74.082079678
825,3271.0,Danforth Light Rail,40.69263996618329,-74.08801227807997
826,3274.0,Bethune Center,40.70495751672861,-74.08593088388444
0,3719.0,S Portland Ave & Atlantic Ave,40.68322254161596,-73.9738118648529
1,3153.0,E 71 St & 2 Ave,40.76817546742245,-73.95910263061523
2,3489.0,Gold St & Frankfort St,40.710699946313866,-74.00354146957396
3,3091.0,Frost St & Meeker St,40.71764,-73.94882
4,3663.0,Sterling Pl & 7 Ave,40.67716489469059,-73.97382795810701
5,3147.0,E 85 St & 3 Ave,40.77801203,-73.95407149
6,3462.0,E 44 St & 2 Ave,40.75118387463277,-73.97138714790343
7,3431.0,E 35 St & 3 Ave,40.746524,-73.977885
8,3653.0,31 St & 35 Ave,40.75820464696758,-73.92832159996033
9,3474.0,6 Ave & Spring St,40.7252556952547,-74.00412082672119
10,3250.0,58th St Depot,40.716909780459645,-73.98383796215056
11,3659.0,W 17 St & 9 Ave,40.7429489166009,-74.00413691997528
12,2010.0,Grand St & Greene St,40.72165481,-74.00234737
13,409.0,DeKalb Ave & Skillman St,40.6906495,-73.95643107
14,,,40.845,-73.893
15,357.0,E 11 St & Broadway,40.73261787,-73.99158043
16,3371.0,4 Ave & 2 St,40.674613422475815,-73.98501142859459
17,3466.0,W 45 St & 6 Ave -,40.75668720603179,-73.98257732391356
18,3684.0,W 12 St & W 4 St,40.73756121181137,-74.00398269295692
19,509.0,9 Ave & W 22 St,40.7454973,-74.00197139
20,267.0,Broadway & W 36 St,40.75097711,-73.98765428
21,498.0,Broadway & W 32 St,40.74854862,-73.98808416
22,505.0,6 Ave & W 33 St,40.74901271,-73.98848395
23,3457.0,E 58 St & Madison Ave,40.763025942805186,-73.97209525108337
24,3458.0,W 55 St & 6 Ave,40.76309387270797,-73.97835016250609
25,3040.0,Handlebar @ Gowanus,40.66979964220026,-73.99497985839844
26,407.0,Henry St & Poplar St,40.700469,-73.991454
27,3401.0,2 Ave & 9 St,40.6724811,-73.99331394
28,3660.0,W 16 St & 8 Ave,40.74102150900266,-74.001384973526
29,385.0,E 55 St & 2 Ave,40.75797322,-73.96603308
30,3223.0,E 55 St & 3 Ave,40.758996559605116,-73.96865397691727
31,3658.0,W 18 St & 9 Ave,40.7435337324616,-74.00367558002472
32,3245.0,NYCBS DEPOT - DELANCEY,40.71644423134479,-73.9823305606842
33,3701.0,Cliff St & Fulton St (Old),40.70831794366396,-74.0050408244133
34,524.0,W 43 St & 6 Ave,40.75527307,-73.98316936
35,3115.0,India St & Manhattan Ave,40.73232194,-73.9550858
36,3144.0,E 81 St & Park Ave,40.77677702,-73.95900970000002
37,460.0,S 4 St & Wythe Ave,40.71285887,-73.96590294
38,3432.0,NYCBS Depot - GOW,40.66906013501107,-73.99463653564453
39,414.0,Pearl St & Anchorage Pl,40.70281858,-73.98765762
40,380.0,W 4 St & 7 Ave S,40.73401143,-74.00293877
41,3258.0,W 27 St & 10 Ave,40.75018156325681,-74.00218427181244
42,3641.0,Broadway & W 25 St,40.74286877312112,-73.98918628692627
43,526.0,E 33 St & 5 Ave,40.74765947,-73.98490707
44,466.0,W 25 St & 6 Ave,40.74395411,-73.99144871
45,474.0,5 Ave & E 29 St,40.7451677,-73.98683077
46,486.0,Broadway & W 29 St,40.7462009,-73.98855723
47,496.0,E 16 St & 5 Ave,40.73726186,-73.99238967
48,3708.0,W 13 St & 5 Ave,40.735445,-73.99431
49,3282.0,5 Ave & E 88 St,40.78307,-73.95939
50,223.0,W 13 St & 7 Ave,40.73781509,-73.99994661
51,334.0,W 20 St & 7 Ave,40.74238787,-73.99726235
52,280.0,E 10 St & 5 Ave,40.73331967,-73.99510132
53,482.0,W 15 St & 7 Ave,40.73935542,-73.99931783
54,446.0,W 24 St & 7 Ave,40.74487634,-73.99529885
55,442.0,W 27 St & 7 Ave,40.746647,-73.993915
56,3526.0,31 St & 23 Ave,40.7747878,-73.91255509999998
57,383.0,Greenwich Ave & Charles St,40.735238,-74.000271
58,469.0,Broadway & W 53 St,40.76344058,-73.98268129
59,173.0,Broadway & W 49 St,40.76068327096592,-73.98452728986742
60,500.0,Broadway & W 51 St,40.76228826,-73.98336183
61,513.0,W 56 St & 10 Ave,40.768254,-73.988639
62,3333.0,Columbia St & Lorraine St,40.6747055,-74.00755720000002
63,3586.0,34 Ave & 13 St,40.7638753,-73.9364848
64,3567.0,11 St & 35 Ave,40.76274420000001,-73.9391141
65,3491.0,E 118 St & 1 Ave,40.79747,-73.93504
66,392.0,Jay St & Tech Pl,40.695065,-73.987167
67,3395.0,Henry St & W 9 St,40.6763744,-74.00324957
68,3512.0,27 Ave & 4 St,40.7747175,-73.93378940000002
69,2005.0,Railroad Ave & Kay Ave,40.70531194,-73.97100056
70,3601.0,Sterling St & Bedford Ave,40.6627059,-73.9569115
71,3692.0,5 St & Market St,40.6999974843885,-73.97440128028394
72,3793.0,Stuyvesant Walk & 1 Av Loop,40.732339777151054,-73.97898383438587
73,3691.0,28 Ave & 44 St,40.76408932350689,-73.9106512069702
74,3326.0,Clinton St & Centre St,40.67434,-74.00194698
75,3254.0,Soissons Landing,40.69231660719192,-74.01486575603484
76,3441.0,10 Hudson Yards,40.752957,-74.00264
77,3608.0,5 St & 51 Ave,40.7423737,-73.9566
78,376.0,John St & William St,40.70862144,-74.00722156
79,3342.0,Pioneer St & Richards St,40.6777748,-74.0094613
80,3479.0,Picnic Point,40.68512559515415,-74.02535319328308
81,3764.0,Bushwick Ave & McKibbin St,40.705517,-73.93936
82,3182.0,Yankee Ferry Terminal,40.686931,-74.016966
83,3492.0,E 118 St & Park Ave,40.8005385,-73.9419949
84,3545.0,Broadway & W 122 St,40.8120562,-73.9612547
85,3590.0,Carroll St & Franklin Ave,40.6679411,-73.9588
86,3577.0,34 Ave & 21 St,40.7628138,-73.9342862
87,3566.0,Crescent St & 35 Ave,40.7596276,-73.93214549999998
88,3339.0,Berkeley Pl & 6 Ave,40.6765304,-73.97846879
89,3762.0,3 Ave & Carroll St,40.677027,-73.9865
90,3046.0,Marcus Garvey Blvd & Macon St,40.682601,-73.938037
91,3337.0,Dwight St & Van Dyke St,40.67363551341504,-74.01195555925368
92,3515.0,24 Ave & 26 St,40.774591,-73.918544
93,3606.0,49 Ave & 21 St,40.74252,-73.948852
94,3394.0,Columbia St & W 9 St,40.6769993,-74.00647134
95,3546.0,Pacific St & Classon Ave,40.67919439999999,-73.95879029999998
96,3128.0,21 St & 43 Ave,40.75052534,-73.94594845
97,3661.0,Montgomery St & Franklin Ave,40.666439306870814,-73.96055638790129
98,443.0,Bedford Ave & S 9 St,40.70853074,-73.96408963
99,3596.0,Sullivan Pl & Bedford Ave,40.6642406,-73.9574686
100,3322.0,12 St & 4 Ave,40.668603,-73.99043940000001
101,3530.0,Crescent St & Ditmars Blvd,40.7787185,-73.9145645
102,3605.0,31 Ave & Crescent St,40.76583460000001,-73.9265474
103,3361.0,Carroll St & 6 Ave,40.6740886,-73.9787282
104,3631.0,Crown St & Bedford Ave,40.666563,-73.95674100000002
105,3575.0,Crescent St & 34 Ave,40.76108,-73.930562
106,3381.0,3 St & Hoyt St,40.6777287,-73.99364123
107,278.0,Concord St & Bridge St,40.69766564,-73.98476437
108,3768.0,Waterbury St & Stagg St,40.71019,-73.93734
109,3520.0,Adam Clayton Powell Blvd & W 118 St,40.804372,-73.951475
110,3745.0,36 Ave & 31 St,40.75651272984955,-73.92957486212252
111,3241.0,Monroe St & Tompkins Ave,40.686203000000006,-73.944694
112,3066.0,Tompkins Ave & Hopkins St,40.69957608,-73.94708417
113,3570.0,35 Ave & 37 St,40.7557327,-73.92366109999998
114,3396.0,Clinton St & 4 Place,40.6783563,-74.00014502
115,3578.0,Park Pl & Franklin Ave,40.67418060000001,-73.95649470000002
116,3422.0,Columbia St & Degraw St,40.6859296,-74.00242364
117,3415.0,Prospect Pl & 6 Ave,40.6793307,-73.97519523
118,3340.0,Wolcott St & Dwight St,40.6753274,-74.0100698
119,3459.0,E 53 St & 3 Ave,40.75763227739443,-73.9693057537079
120,3315.0,Henry St & Degraw St,40.6847514,-73.99917254
121,3588.0,Vernon Blvd & 10 St,40.7671863,-73.9373554
122,3095.0,Graham Ave & Herbert St,40.71929301,-73.94500379
123,143.0,Clinton St & Joralemon St,40.69239502,-73.99337909
124,3172.0,W 74 St & Columbus Ave,40.7785669,-73.97754961
125,3355.0,E 66 St & Madison Ave,40.768008893059466,-73.96845281124116
126,3049.0,Cambridge Pl & Gates Ave,40.68488,-73.96304
127,3728.0,Pierrepont St & Monroe Pl,40.69535693320225,-73.99344027042389
128,3773.0,Knickerbocker Ave & Thames St,40.70539,-73.92976
129,3290.0,E 89 St & York Ave,40.7779453,-73.94604100000002
130,3503.0,Madison Ave & E 120 St,40.80295,-73.942954
131,3767.0,Powers St & Olive St,40.71323,-73.93894
132,3527.0,5 Ave & E 126 St,40.80698,-73.94174699999998
133,421.0,Clermont Ave & Park Ave,40.69573398,-73.97129668
134,3777.0,Stockholm St & Wilson Ave,40.699304,-73.92304399999998
135,224.0,Spruce St & Nassau St,40.71146364,-74.00552427
136,3517.0,31 St & Hoyt Ave N,40.7711528,-73.9170074
137,3047.0,Halsey St & Tompkins Ave,40.68236870000001,-73.944118
138,3397.0,Court St & Nelson St,40.6763947,-73.99869893
139,3585.0,Union St & Bedford Ave,40.6691783,-73.9554162
140,3619.0,Newtown Ave & 23 St,40.7713615,-73.9246145
141,3308.0,Kane St & Clinton St,40.6861758,-73.99645295
142,3330.0,Henry St & Bay St,40.6725058,-74.00494695
143,3720.0,Wyckoff St & Bond St,40.68461653897949,-73.98721285164356
144,3556.0,24 St & 41 Ave,40.7527085,-73.9397405
145,3716.0,40 Ave & Crescent St,40.7535992020056,-73.93795609474179
146,3399.0,7 St & 3 Ave,40.67260298150126,-73.98983001708984
147,3347.0,Van Brunt St & Wolcott St,40.6773429,-74.01275056
148,276.0,Duane St & Greenwich St,40.71748752,-74.0104554
149,3449.0,Eckford St & Engert Ave,40.72146256229816,-73.94800901412964
150,3056.0,Kosciuszko St & Nostrand Ave,40.69072549,-73.95133465
151,313.0,Washington Ave & Park Ave,40.69610226,-73.96751037
152,3411.0,Bond St & Bergen St,40.6849668,-73.98620772
153,3559.0,21 St & 38 Ave,40.7576314,-73.9391224
154,332.0,Cherry St,40.71219906,-73.97948148
155,3116.0,Huron St & Franklin St,40.73266,-73.95826
156,3417.0,Baltic St & 5 Ave,40.6795766,-73.97854971
157,3568.0,34 St & 35 Ave,40.75693320000001,-73.92622309999999
158,3434.0,W 88 St & West End Ave,40.79025417330417,-73.97718340158461
159,3704.0,47 Ave & Skillman Ave,40.7437524099784,-73.94176483154297
160,3108.0,Nassau Ave & Russell St,40.72557000000001,-73.94434
161,3310.0,14 St & 7 Ave,40.663779,-73.98396846
162,3100.0,Nassau Ave & Newell St,40.724812564400175,-73.94752621650694
163,3125.0,45 Rd & 11 St,40.74708586,-73.94977234
164,3454.0,Leonard St & Maujer St,40.71036854235229,-73.94705951213838
165,3359.0,E 68 St & Madison Ave,40.7691572,-73.96703464
166,3499.0,2 Ave & E 122 St,40.8006721,-73.9349
167,298.0,3 Ave & Schermerhorn St,40.68683208,-73.9796772
168,3617.0,28 Ave & 35 St,40.7671,-73.9169858
169,3242.0,Schermerhorn St & Court St,40.69102925677968,-73.99183362722397
170,3564.0,21 St & 36 Ave,40.7601853,-73.9362726
171,3511.0,Adam Clayton Powell Blvd & W 115 St,40.802535,-73.9532423
172,3146.0,E 81 St & 3 Ave,40.77573034,-73.9567526
173,339.0,Avenue D & E 12 St,40.72580614,-73.97422494
174,3654.0,31 St & Northern Blvd,40.75186951421875,-73.93349289894103
175,79.0,Franklin St & W Broadway,40.71911552,-74.00666661
176,3336.0,E 97 St & Madison Ave,40.787801,-73.953559
177,436.0,Hancock St & Bedford Ave,40.68216564,-73.95399026
178,3419.0,Douglass St & 4 Ave,40.67927879999999,-73.98154004
179,3598.0,Newton Rd & 44 St,40.7595701,-73.91426779999998
180,3054.0,Greene Ave & Throop Ave,40.6894932,-73.942061
181,3610.0,Vernon Blvd & 30 Rd,40.770845,-73.93417099999998
182,3122.0,48 Ave & 5 St,40.74436328706688,-73.95587325096129
183,3726.0,Center Blvd & 51 Ave,40.74336608027021,-73.95960688591003
184,3775.0,Suydam St & Knickerbocker Ave,40.702013,-73.923769
185,3405.0,5 St & 6 Ave,40.6704836,-73.98208968
186,3776.0,Central Ave & Starr Street,40.700003,-73.92834
187,3309.0,E 97 St & 3 Ave,40.7859201,-73.94860294
188,3157.0,East End Ave & E 86 St,40.77518615,-73.94446054
189,3537.0,Carlton Ave & Dean St,40.68097410000001,-73.97100970000002
190,3525.0,23 Ave & 27 St,40.776165,-73.9153175
191,3541.0,Amsterdam Ave & W 125 St,40.813358,-73.956461
192,3311.0,Columbia St & Kane St,40.68763155,-74.0016256
193,3760.0,Willoughby Ave & Wyckoff Ave,40.705614,-73.92153
194,3288.0,E 88 St & 1 Ave,40.778301,-73.9488134
195,3179.0,Park Ave & Marcus Garvey Blvd,40.698617,-73.941342
196,3772.0,Devoe St & Morgan Ave,40.713811,-73.93515
197,3425.0,2 Ave & E 104 St,40.7892105,-73.94370784
198,516.0,E 47 St & 1 Ave,40.75206862,-73.96784384
199,3105.0,N 15 St & Wythe Ave,40.724055,-73.955736
200,3771.0,McKibbin St & Bogart St,40.706237,-73.933871
201,3143.0,5 Ave & E 78 St,40.77632142182271,-73.96427392959596
202,3589.0,Broadway & 12 St,40.7668,-73.93477740000002
203,3323.0,W 106 St & Central Park West,40.7981856,-73.96059090060001
204,3299.0,E 98 St & Park Ave,40.78813,-73.95206
205,282.0,Kent Ave & S 11 St,40.7076449441757,-73.96841526031494
206,3542.0,Amsterdam Ave & W 119 St,40.8086249,-73.9596214
207,3412.0,Pacific St & Nevins St,40.6853761,-73.98302136
208,3676.0,Van Brunt St & Van Dyke St,40.675832943912894,-74.01472628116608
209,3646.0,35 Ave & 10 St,40.763154819103725,-73.93985509872438
210,3437.0,Riverside Dr & W 91 St,40.79313480986664,-73.97700369358063
211,3758.0,George St & Wilson Ave,40.702997,-73.92997
212,3110.0,Meserole Ave & Manhattan Ave,40.72708584,-73.95299117
213,275.0,Washington Ave & Greene Ave,40.68650065,-73.96563307
214,3774.0,Knickerbocker Ave & George St,40.704425,-73.92836
215,3057.0,Kosciuszko St & Tompkins Ave,40.69128258,-73.9452416
216,3621.0,27 Ave & 9 St,40.7739825,-73.93091340000002
217,3152.0,3 Ave & E 71 St,40.76873687,-73.96119945
218,3505.0,Lexington Ave & E 127 St,40.805726,-73.936322
219,3375.0,3 Ave & E 72 St,40.7699426,-73.96060712
220,3524.0,19 St & 24 Ave,40.77745520000001,-73.9225403
221,3379.0,E 103 St & Lexington Ave,40.79030510000001,-73.94755757
222,3080.0,S 4 St & Rodney St,40.70934000000001,-73.95608
223,520.0,W 52 St & 5 Ave,40.75992262,-73.97648516
224,418.0,Front St & Gold St,40.70224,-73.982578
225,337.0,Old Slip & Front St,40.70379920000001,-74.00838676
226,3555.0,28 St & 41 Ave,40.751047,-73.93796999999998
227,2023.0,E 55 St & Lexington Ave,40.75968085,-73.97031366
228,3392.0,Commerce St & Van Brunt St,40.68121170000001,-74.00860912
229,3320.0,Central Park West & W 100 St,40.794066608185524,-73.96286845207214
230,3102.0,Driggs Ave & Lorimer St,40.72179134,-73.95041540000003
231,3569.0,Franklin Ave & St Marks Ave,40.6758324,-73.95616770000002
232,3673.0,Dean St & Franklin Ave,40.67759206937376,-73.95563721656801
233,3160.0,Central Park West & W 76 St,40.77896784,-73.97374737
234,400.0,Pitt St & Stanton St,40.71926081,-73.98178024
235,3778.0,Irving Ave & DeKalb Ave,40.7027,-73.92095
236,3328.0,W 100 St & Manhattan Ave,40.795,-73.9645
237,3543.0,Morningside Dr & Amsterdam Ave,40.81028506306003,-73.95736455917357
238,3490.0,E 116 St & 2 Ave,40.796879,-73.93726099999998
239,3779.0,Hart St & Wyckoff Ave,40.704876,-73.919911
240,359.0,E 47 St & Park Ave,40.75510267,-73.97498696
241,532.0,S 5 Pl & S 5 St,40.710451,-73.960876
242,3587.0,Carroll St & Washington Ave,40.6686744,-73.9618148
243,3327.0,3 Ave & E 100 St,40.7877214,-73.94728331
244,3599.0,Franklin Ave & Empire Blvd,40.66314000000001,-73.96056949999998
245,3756.0,White St & Moore St,40.704508,-73.9351
246,3302.0,Columbus Ave & W 103 St,40.7969347,-73.9643412291
247,3231.0,E 67 St & Park Ave,40.76780080148132,-73.96592080593109
248,3388.0,President St & Henry St,40.6828003,-73.99990419
249,3787.0,Dock 72 Way & Market St,40.69985,-73.97140999999998
250,3402.0,Court St & State St,40.6902375,-73.99203074
251,3782.0,Brooklyn Bridge Park - Pier 2,40.698458,-73.997178
252,3616.0,Steinway St & 28 Ave,40.7656251,-73.9136695
253,228.0,E 48 St & 3 Ave,40.7546011026,-73.971878855
254,3597.0,43 St & Broadway,40.7577284,-73.9166368
255,3363.0,E 102 St & Park Ave,40.7904828,-73.95033068
256,3365.0,3 St & 7 Ave,40.67038370000001,-73.97839676
257,3297.0,6 St & 7 Ave,40.66866270000001,-73.97988067
258,343.0,Clinton Ave & Flushing Ave,40.69794,-73.96986848
259,3343.0,W 107 St & Columbus Ave,40.7997568,-73.9621128676
260,3535.0,Mt Morris Park W & W 120 St,40.804038,-73.945925
261,3313.0,6 Ave & 12 St,40.66631810000001,-73.9854617
262,3404.0,7 St & 5 Ave,40.67049220000001,-73.98541675
263,3403.0,4 Ave & 9 St,40.6705135,-73.98876585
264,3063.0,Nostrand Ave & Myrtle Ave,40.69527008,-73.95238108
265,3348.0,Coffey St & Conover St,40.677236,-74.015665
266,2022.0,E 60 St & York Ave,40.759107,-73.959223
267,3067.0,Broadway & Whipple St,40.7016657,-73.9437303
268,3368.0,5 Ave & 3 St,40.67281550000001,-73.98352355
269,3623.0,W 120 St & Claremont Ave,40.8109494,-73.9634
270,3382.0,Carroll St & Smith St,40.680611,-73.99475825
271,3050.0,Putnam Ave & Throop Ave,40.6851532,-73.94111
272,120.0,Lexington Ave & Classon Ave,40.68676793,-73.95928168
273,415.0,Pearl St & Hanover Square,40.7047177,-74.00926027
274,3317.0,10 St & 5 Ave,40.6686273,-73.98700053
275,3118.0,McGuinness Blvd & Eagle St,40.73555,-73.95284000000002
276,3127.0,9 St & 44 Rd,40.74966,-73.9521
277,3609.0,Vernon Blvd & 31 Ave,40.7692475,-73.93545040000002
278,3544.0,Underhill Ave & Pacific St,40.6804836,-73.9646795
279,410.0,Suffolk St & Stanton St,40.72066442,-73.98517977
280,3377.0,Carroll St & Bond St,40.6786115,-73.99037292
281,3294.0,E 91 St & Park Ave,40.7835016,-73.955327
282,3424.0,E 106 St & Lexington Ave,40.791976,-73.945993
283,441.0,E 52 St & 2 Ave,40.756014,-73.967416
284,3075.0,Division Ave & Marcy Ave,40.70708701,-73.95796783
285,3296.0,E 93 St & 2 Ave,40.78245417527987,-73.94891962409021
286,3341.0,Central Park West & W 102 St,40.795346,-73.96186
287,3407.0,Union St & Nevins St,40.67909799721684,-73.98765474557877
288,144.0,Nassau St & Navy St,40.69839895,-73.98068914
289,3101.0,N 12 St & Bedford Ave,40.72079821,-73.95484712
290,3613.0,Center Blvd & 48 Ave,40.745038,-73.957539
291,3693.0,N 11 St & Kent Ave,40.72248188638219,-73.95921930670737
292,3581.0,Underhill Ave & Lincoln Pl,40.6740123,-73.9671457
293,3540.0,Morningside Ave & W 123 St,40.81,-73.9551508
294,3629.0,Adam Clayton Powell Blvd & W 126 St,40.809495347779475,-73.94776493310928
295,3602.0,31 Ave & 34 St,40.763154,-73.920827
296,3106.0,Driggs Ave & N Henry St,40.72325,-73.94308000000002
297,303.0,Mercer St & Spring St,40.72362738,-73.99949601
298,289.0,Monroe St & Classon Ave,40.6845683,-73.95881081
299,3565.0,36 Ave & 10 St,40.7614376,-73.9411265
300,3416.0,7 Ave & Park Pl,40.67761470000001,-73.97324283
301,3321.0,Clinton St & Union St,40.6831164,-73.99785267
302,3332.0,Degraw St & Hoyt St,40.68199044270703,-73.99079024791719
303,3430.0,Richardson St & N Henry St,40.71907891179564,-73.94223690032959
304,3591.0,21 St & 31 Dr,40.7659,-73.930819
305,3538.0,W 110 St & Amsterdam Ave,40.802692,-73.96295
306,3349.0,Grand Army Plaza & Plaza St West,40.6729679,-73.97087984
307,386.0,Centre St & Worth St,40.71494807,-74.00234482
308,3453.0,Devoe St & Lorimer St,40.71335226222875,-73.9491033554077
309,119.0,Park Ave & St Edwards St,40.69608941,-73.97803415
310,3367.0,5 Ave & E 103 St,40.7922553,-73.95249933
311,324.0,DeKalb Ave & Hudson Ave,40.689888,-73.981013
312,3390.0,E 109 St & 3 Ave,40.79329668,-73.9432083
313,157.0,Henry St & Atlantic Ave,40.69089272,-73.99612349
314,501.0,FDR Drive & E 35 St,40.744219,-73.97121214
315,3614.0,Crescent St & 30 Ave,40.768692,-73.9249574
316,408.0,Market St & Cherry St,40.71076228,-73.99400398
317,3727.0,Frost St & Meeker Ave,40.71766197083994,-73.94880026578903
318,3304.0,6 Ave & 9 St,40.668127,-73.98377641
319,3648.0,Flushing Ave & Vanderbilt Ave,40.69795031569544,-73.97077560424805
320,3504.0,E 123 St & Lexington Ave,40.8029263,-73.9379
321,3338.0,2 Ave & E 99 St,40.7862586,-73.94552579
322,3603.0,31 Ave & 30 St,40.7647,-73.9240312
323,3088.0,Union Ave & Jackson St,40.7160751,-73.95202900000002
324,3298.0,Warren St & Court St,40.686371,-73.99383324
325,258.0,DeKalb Ave & Vanderbilt Ave,40.68940747,-73.96885458
326,3393.0,Richards St & Delavan St,40.67943270000001,-74.00785041
327,3070.0,McKibbin St & Manhattan Ave,40.70510918,-73.94407279
328,3766.0,Sharon St & Olive St,40.715353,-73.93856
329,3335.0,Union St & 4 Ave,40.6772744,-73.98282002
330,3135.0,E 75 St & 3 Ave,40.77112927,-73.95772297
331,3452.0,Bayard St & Leonard St,40.71915571696044,-73.94885390996933
332,484.0,W 44 St & 5 Ave,40.75500254,-73.98014437
333,3410.0,Dean St & Hoyt St,40.6864442,-73.98759104
334,3478.0,2 Ave & 36 St - Citi Bike HQ at Industry City,40.65708866668485,-74.00870203971863
335,3132.0,E 59 St & Madison Ave,40.76350532,-73.97109243
336,3637.0,Fulton St & Waverly Ave,40.68323865460341,-73.96599590778352
337,518.0,E 39 St & 2 Ave,40.74780373,-73.97344190000003
338,3418.0,Plaza St West & Flatbush Ave,40.67502070000001,-73.97111473
339,406.0,Hicks St & Montague St,40.69512845,-73.99595065
340,419.0,Carlton Ave & Park Ave,40.69580705,-73.97355569
341,427.0,Bus Slip & State St,40.701907,-74.013942
342,3513.0,21 St & Hoyt Ave S,40.774645,-73.92370600000002
343,399.0,Lafayette Ave & St James Pl,40.68851534,-73.9647628
344,3413.0,Wyckoff St & 3 Ave,40.6827549,-73.98258555
345,243.0,Fulton St & Rockwell Pl,40.68841,-73.979458
346,3502.0,Lexington Ave & E 111 St,40.79541210000001,-73.9441232
347,3469.0,India St & West St,40.73181401720966,-73.95995020866394
348,534.0,Water - Whitehall Plaza,40.70255065,-74.0127234
349,3249.0,Verona Pl & Fulton St,40.680356084043396,-73.94767910242079
350,3384.0,Smith St & 3 St,40.67872420000001,-73.99599099
351,487.0,E 20 St & FDR Drive,40.73314259,-73.97573881
352,3378.0,E 76 St & Park Ave,40.773763,-73.96222088
353,3557.0,40 Ave & 9 St,40.75742,-73.945133
354,3595.0,35 St & Broadway,40.760339,-73.9222427
355,3456.0,Jackson St & Leonard St,40.716380319735606,-73.94821286201476
356,3506.0,Lexington Ave & E 120 St,40.8013066,-73.93981670000002
357,309.0,Murray St & West St,40.7149787,-74.013012
358,3221.0,47 Ave & 31 St,40.743,-73.93561
359,360.0,William St & Pine St,40.70717936,-74.00887308
360,2009.0,Catherine St & Monroe St,40.71117444,-73.99682619
361,3156.0,E 72 St & York Ave,40.76663814,-73.95348296
362,3134.0,3 Ave & E 62 St,40.76312584,-73.96526895
363,3352.0,Sigourney St & Columbia St,40.67267243410948,-74.00879524648191
364,3369.0,E 82 St & East End Ave,40.7724607,-73.9468208
365,3354.0,3 St & Prospect Park West,40.668132,-73.97363831
366,3757.0,Stagg St & Morgan Ave,40.710681,-73.93372
367,3680.0,E 43 St & 5 Ave,40.754120810779256,-73.98025184869765
368,3579.0,Sterling Pl & Bedford Ave,40.672695,-73.954131
369,3373.0,3 St & 3 Ave,40.6750705,-73.98775226
370,3759.0,Irving Ave & Jefferson St,40.70538,-73.92535
371,3477.0,39 St & 2 Ave - Citi Bike HQ at Industry City,40.65539977447831,-74.01062786579129
372,3551.0,3 Ave & E 112 St,40.795508,-73.94160600000002
373,3553.0,Frederick Douglass Blvd & W 112 St,40.801694,-73.957145
374,3121.0,Jackson Ave & 46 Rd,40.74524768,-73.94733276
375,3048.0,Putnam Ave & Nostrand Ave,40.68402,-73.94977
376,167.0,E 39 St & 3 Ave,40.7489006,-73.97604882
377,310.0,State St & Smith St,40.68926942,-73.98912867
378,212.0,W 16 St & The High Line,40.74334935,-74.00681753
379,244.0,Willoughby Ave & Hall St,40.69196035,-73.96536851
380,3539.0,W 116 St & Amsterdam Ave,40.8067581,-73.9607082
381,3076.0,Scholes St & Manhattan Ave,40.70870368,-73.9448625
382,344.0,Monroe St & Bedford Ave,40.6851443,-73.95380904
383,3094.0,Graham Ave & Withers St,40.7169811,-73.94485918
384,3085.0,Roebling St & N 4 St,40.71469,-73.95739
385,3620.0,11 St & 43 Ave,40.7519071,-73.94791190000002
386,3137.0,5 Ave & E 73 St,40.77282817,-73.96685276
387,3232.0,Bond St & Fulton St,40.68962188790333,-73.98304268717766
388,3522.0,37 St & 24 Ave,40.7701477,-73.9120938
389,3723.0,Cadman Plaza E & Johnson St,40.69531727766904,-73.99015724658966
390,3362.0,Madison Ave & E 82 St,40.7781314,-73.96069399
391,3516.0,31 St & Astoria Blvd,40.76991760000001,-73.91840570000002
392,3083.0,Bushwick Ave & Powers St,40.71247661,-73.94100005
393,3737.0,Stanton St & Norfolk St,40.720747,-73.986274
394,3366.0,West End Ave & W 107 St,40.8021174,-73.9681805305
395,3521.0,Lenox Ave & W 111 St,40.7987859,-73.9523
396,3171.0,Amsterdam Ave & W 82 St,40.78524672,-73.97667321
397,3235.0,E 41 St & Madison Ave,40.752165280621966,-73.97992193698882
398,417.0,Barclay St & Church St,40.71291224,-74.01020234
399,3042.0,Fulton St & Utica Ave,40.6794268,-73.92989109999998
400,3583.0,Eastern Pkwy & Washington Ave,40.6716493,-73.9631145
401,3295.0,Central Park W & W 96 St,40.79127,-73.964839
402,356.0,Bialystoker Pl & Delancey St,40.71622644,-73.98261206
403,335.0,Washington Pl & Broadway,40.72903917,-73.99404649
404,3060.0,Willoughby Ave & Tompkins Ave,40.69425403,-73.94626915
405,3592.0,Crescent St & Broadway,40.7633589,-73.92864709999998
406,3497.0,Pleasant Ave & E 116 St,40.7949879,-73.9333349
407,3140.0,1 Ave & E 78 St,40.77140426,-73.9535166
408,3576.0,Park Pl & Vanderbilt Ave,40.6767,-73.969024
409,248.0,Laight St & Hudson St,40.72185379,-74.00771779
410,3647.0,48 Ave & 30 Pl,40.74128309355993,-73.93725872039794
411,3124.0,46 Ave & 5 St,40.74731,-73.95451
412,3649.0,W 129 St & Convent Ave,40.81439443791581,-73.95324736833571
413,391.0,Clark St & Henry St,40.69760127,-73.99344559
414,3761.0,Cedar St & Myrtle Ave,40.697842,-73.926241
415,2000.0,Front St & Washington St,40.70255088,-73.98940236
416,3781.0,Greene Av & Myrtle Av,40.698568,-73.918877
417,3055.0,Greene Ave & Nostrand Ave,40.68833370000001,-73.950916
418,3346.0,Berkeley Pl & 7 Ave,40.675146838709786,-73.9752320945263
419,3523.0,24 Ave & 29 St,40.7729,-73.91614200000002
420,3533.0,St. Nicholas Ave & W 126 St,40.8114323,-73.95187759999997
421,3387.0,E 106 St & Madison Ave,40.79343370000001,-73.94945003
422,3507.0,Park Ave & E 124 St,40.8045555,-73.93968609999997
423,377.0,6 Ave & Canal St,40.72243797,-74.00566443
424,330.0,Reade St & Broadway,40.71450451,-74.00562789
425,3580.0,St Johns Pl & Washington Ave,40.6737236,-73.9631611
426,321.0,Cadman Plaza E & Red Cross Pl,40.69991755,-73.98971773
427,308.0,St James Pl & Oliver St,40.71307916,-73.99851193
428,268.0,Howard St & Centre St,40.71910537,-73.99973337
429,3783.0,Cliff St & Fulton St,40.70838,-74.00495
430,3495.0,E 114 St & 1 Ave,40.79456629999999,-73.9362541
431,3593.0,31 St & Broadway,40.761584,-73.925921
432,3547.0,Broadway & Moylan Pl,40.8143256,-73.9590255
433,546.0,E 30 St & Park Ave S,40.74444921,-73.98303529
434,3671.0,E 81 St & 2 Ave,40.77477944895728,-73.95427465438844
435,3607.0,31 Ave & 14 St,40.7682,-73.9322662
436,3622.0,E 128 St & Madison Ave,40.80756,-73.93918199999997
437,3256.0,Pier 40 - Hudson River Park,40.7277140777778,-74.01129573583603
438,403.0,E 2 St & 2 Ave,40.72502876,-73.99069656
439,3162.0,W 78 St & Broadway,40.78339981,-73.98093133
440,341.0,Stanton St & Mangin St,40.71782143,-73.97628939
441,411.0,E 6 St & Avenue D,40.72228087,-73.97668709
442,3571.0,Bedford Ave & Bergen St,40.676368,-73.95291800000003
443,355.0,Bayard St & Baxter St,40.71602118,-73.99974372
444,3058.0,Lewis Ave & Kosciuszko St,40.69237074,-73.93705428
445,3117.0,Franklin St & Dupont St,40.73564,-73.95866
446,3472.0,W 15 St & 10 Ave,40.742753828659026,-74.00747358798982
447,2017.0,E 43 St & 2 Ave,40.75022392,-73.97121414
448,3062.0,Myrtle Ave & Marcy Ave,40.69539817,-73.94954908
449,351.0,Front St & Maiden Ln,40.70530954,-74.00612572
450,242.0,Carlton Ave & Flushing Ave,40.697787,-73.973736
451,3226.0,W 82 St & Central Park West,40.78275,-73.97137
452,3154.0,E 77 St & 3 Ave,40.77314236,-73.95856158
453,3319.0,14 St & 5 Ave,40.666287,-73.98895053
454,3534.0,Frederick Douglass Blvd & W 117 St,40.805159,-73.95469200000002
455,3400.0,E 110 St & Madison Ave,40.7961535,-73.94782145
456,426.0,West St & Chambers St,40.71754834,-74.01322069
457,3370.0,E 78 St & 2 Ave,40.7727966,-73.95577801
458,195.0,Liberty St & Broadway,40.70905623,-74.01043382
459,262.0,Washington Park,40.6917823,-73.97372990000002
460,416.0,Cumberland St & Lafayette Ave,40.68753406,-73.97265183
461,3074.0,Montrose Ave & Bushwick Ave,40.70767788,-73.94016171
462,3409.0,Bergen St & Smith St,40.6867443,-73.99063168
463,216.0,Columbia Heights & Cranberry St,40.70037867,-73.99548059
464,168.0,W 18 St & 6 Ave,40.73971301,-73.99456405
465,3052.0,Lewis Ave & Madison St,40.686312,-73.935775
466,507.0,E 25 St & 2 Ave,40.73912601,-73.97973776
467,3139.0,E 72 St & Park Ave,40.77118287540658,-73.96409422159195
468,241.0,DeKalb Ave & S Portland Ave,40.68981035,-73.97493121
469,3344.0,Pioneer St & Van Brunt St,40.679043,-74.011169
470,3284.0,E 88 St & Park Ave,40.781410700190015,-73.95595908164978
471,3770.0,Central Ave & Flushing Ave,40.702831,-73.9333
472,3398.0,Smith St & 9 St,40.67469570000001,-73.99785768
473,261.0,Johnson St & Gold St,40.69474881,-73.98362464
474,3285.0,W 87 St & Amsterdam Ave,40.78839,-73.9747
475,453.0,W 22 St & 8 Ave,40.74475148,-73.99915362
476,3292.0,5 Ave & E 93 St,40.78578510000001,-73.957481
477,146.0,Hudson St & Reade St,40.71625008,-74.0091059
478,3552.0,W 113 St & Broadway,40.805973,-73.964928
479,398.0,Atlantic Ave & Furman St,40.69165183,-73.99997859999998
480,372.0,Franklin Ave & Myrtle Ave,40.694546087246025,-73.95801365375519
481,390.0,Duffield St & Willoughby St,40.69221589,-73.9842844
482,3243.0,E 58 St & 1 Ave (NE Corner),40.75892386377695,-73.96226227283478
483,3173.0,Riverside Blvd & W 67 St,40.777507027547976,-73.98888587951659
484,302.0,Avenue D & E 3 St,40.72082834,-73.97793172
485,3151.0,E 81 St & York Ave,40.7728384,-73.94989233
486,3360.0,Amsterdam Ave & W 79 St,40.7829391,-73.9786517
487,3064.0,Myrtle Ave & Lewis Ave,40.69681963,-73.93756926
488,3233.0,E 48 St & 5 Ave,40.75724567911726,-73.97805914282799
489,307.0,Canal St & Rutgers St,40.71427487,-73.98990025
490,361.0,Allen St & Hester St,40.71605866,-73.99190759
491,331.0,Pike St & Monroe St,40.71173107,-73.99193043
492,217.0,Old Fulton St,40.70277159,-73.99383605
493,3283.0,W 89 St & Columbus Ave,40.7882213,-73.97041561
494,3528.0,Steinway St & 23 Ave,40.7713937,-73.9077436
495,3145.0,E 84 St & Park Ave,40.77862688,-73.95772073
496,3131.0,E 68 St & 3 Ave,40.76712840349542,-73.96224617958069
497,519.0,Pershing Square North,40.751873,-73.97770600000003
498,3795.0,10 St & 2 Ave,40.671907,-73.993612
499,3531.0,Frederick Douglass Blvd & W 129 St,40.8125511,-73.9492286
500,3169.0,Riverside Dr & W 82 St,40.78720869,-73.98128127
501,3561.0,37 Ave & 35 St,40.7531106,-73.9279917
502,3582.0,Lincoln Pl & Classon Ave,40.6721683,-73.9609
503,3618.0,27 St & Hunter St,40.7485,-73.941275
504,3130.0,21 St & Queens Plaza North,40.75325964,-73.94335788
505,3356.0,Amsterdam Ave & W 66 St,40.7746671,-73.98470567
506,422.0,W 59 St & 10 Ave,40.770513,-73.988038
507,476.0,E 31 St & 3 Ave,40.74394314,-73.97966069
508,3725.0,2 Ave & E 72 St,40.7687620293096,-73.95840793848038
509,3718.0,E 11 St & Avenue B,40.727464206923926,-73.97950418293476
510,3175.0,W 70 St & Amsterdam Ave,40.77748046,-73.98288594
511,3260.0,Mercer St & Bleecker St,40.72706363348306,-73.99662137031554
512,3749.0,Lexington Ave & E 36 St,40.747573958954796,-73.97880077362059
513,366.0,Clinton Ave & Myrtle Ave,40.693261,-73.968896
514,3508.0,St Nicholas Ave & Manhattan Ave,40.809725,-73.953149
515,3443.0,W 52 St & 6 Ave,40.76132983124814,-73.97982001304626
516,3345.0,Madison Ave & E 99 St,40.78948541553215,-73.9524292945862
517,3077.0,Stagg St & Union Ave,40.70877084,-73.95095259
518,497.0,E 17 St & Broadway,40.73704984,-73.99009296
519,523.0,W 38 St & 8 Ave,40.75466591,-73.99138152
520,3532.0,Ditmars Blvd & 19 St,40.78145,-73.9183302
521,439.0,E 4 St & 2 Ave,40.7262807,-73.98978041
522,3562.0,Classon Ave & St Marks Ave,40.6765198,-73.9596082
523,3109.0,Banker St & Meserole Ave,40.72606,-73.95621
524,3164.0,Columbus Ave & W 72 St,40.7770575,-73.97898475
525,369.0,Washington Pl & 6 Ave,40.73224119,-74.00026394
526,3350.0,W 100 St & Broadway,40.7973721,-73.97041192
527,3069.0,Lorimer St & Broadway,40.70411791,-73.94818595
528,3065.0,Union Ave & Wallabout St,40.70029511,-73.95032283
529,412.0,Forsyth St & Canal St,40.71581550000001,-73.99422366
530,423.0,W 54 St & 9 Ave,40.76584941,-73.98690506
531,3303.0,Butler St & Court St,40.6849894,-73.99440329
532,459.0,W 20 St & 11 Ave,40.746745,-74.007756
533,3158.0,W 63 St & Broadway,40.77163851,-73.98261428
534,456.0,E 53 St & Madison Ave,40.75971079999999,-73.97402311
535,281.0,Grand Army Plaza & Central Park S,40.7643971,-73.97371465
536,340.0,Madison St & Clinton St,40.71269042,-73.98776323
537,3364.0,Carroll St & 5 Ave,40.6751622,-73.9814832
538,3081.0,Graham Ave & Grand St,40.711863,-73.944024
539,536.0,1 Ave & E 30 St,40.74144387,-73.97536082
540,347.0,Greenwich St & W Houston St,40.728846,-74.00859100000002
541,508.0,W 46 St & 11 Ave,40.76341379,-73.99667444
542,3170.0,W 84 St & Columbus Ave,40.78499979,-73.97283406
543,297.0,E 15 St & 3 Ave,40.734232,-73.986923
544,483.0,E 12 St & 3 Ave,40.73223272,-73.98889957
545,3386.0,1 Pl & Clinton St,40.6809591,-73.99905709
546,315.0,South St & Gouverneur Ln,40.70355377,-74.00670227
547,382.0,University Pl & E 14 St,40.73492695,-73.99200509
548,493.0,W 45 St & 6 Ave,40.7568001,-73.98291153
549,3293.0,W 92 St & Broadway,40.7921,-73.9739
550,3440.0,Fulton St & Adams St,40.692418292578466,-73.98949474096298
551,393.0,E 5 St & Avenue C,40.72299208,-73.97995466
552,3584.0,Eastern Pkwy & Franklin Ave,40.67077670000001,-73.9576801
553,3498.0,Pleasant Ave & E 120 St,40.7974772,-73.9311847
554,481.0,S 3 St & Bedford Ave,40.71260486,-73.96264403
555,264.0,Maiden Ln & Pearl St,40.70706456,-74.00731853
556,480.0,W 53 St & 10 Ave,40.76669671,-73.99061728
557,336.0,Sullivan St & Washington Sq,40.73047747,-73.99906065
558,522.0,E 51 St & Lexington Ave,40.75714758,-73.97207836
559,349.0,Rivington St & Ridge St,40.71850211,-73.98329859
560,353.0,S Portland Ave & Hanson Pl,40.68539567,-73.97431458
561,3372.0,E 74 St & 1 Ave,40.7689738,-73.95482273
562,127.0,Barrow St & Hudson St,40.73172428,-74.00674436
563,3141.0,1 Ave & E 68 St,40.76500525,-73.95818491
564,3093.0,N 6 St & Bedford Ave,40.71745169,-73.95850939
565,3435.0,Grand St & Elizabeth St,40.718822,-73.99596
566,72.0,W 52 St & 11 Ave,40.76727216,-73.99392888
567,3071.0,Boerum St & Broadway,40.70538077,-73.94976519
568,3494.0,E 115 St & Lexington Ave,40.797911,-73.9423
569,3549.0,Grand Ave & Bergen St,40.678045,-73.962408
570,3161.0,W 76 St & Columbus Ave,40.7801839724239,-73.97728532552719
571,274.0,Lafayette Ave & Fort Greene Pl,40.68691865,-73.976682
572,364.0,Lafayette Ave & Classon Ave,40.68900443,-73.96023854
573,448.0,W 37 St & 10 Ave,40.75660359,-73.9979009
574,3510.0,Adam Clayton Powell Blvd & W 123 St,40.8078316,-73.949373
575,3053.0,Marcy Ave & Lafayette Ave,40.6900815,-73.94791500000002
576,311.0,Norfolk St & Broome St,40.7172274,-73.98802084
577,3300.0,Prospect Park West & 8 St,40.66514681533792,-73.97637605667114
578,3391.0,E 106 St & 1 Ave,40.7892529,-73.93956237
579,3061.0,Throop Ave & Myrtle Ave,40.69622937,-73.94371094
580,2002.0,Wythe Ave & Metropolitan Ave,40.716887,-73.96319799999998
581,3318.0,2 Ave & E 96 St,40.7839636,-73.94716729999998
582,492.0,W 33 St & 7 Ave,40.75019995,-73.99093085
583,3286.0,E 89 St & 3 Ave,40.7806284,-73.9521667
584,420.0,Clermont Ave & Lafayette Ave,40.68764484,-73.96968902
585,3351.0,E 102 St & 1 Ave,40.7869946,-73.94164802
586,3486.0,Schermerhorn St & Bond St,40.68841742754083,-73.98451656103134
587,3746.0,6 Ave & Broome St,40.72430832160217,-74.00473035871983
588,540.0,Lexington Ave & E 29 St,40.74311555376486,-73.98215353488922
589,2008.0,Little West St & 1 Pl,40.70569254,-74.01677685
590,279.0,Peck Slip & Front St,40.707873,-74.00166999999998
591,320.0,Leonard St & Church St,40.717571,-74.005549
592,3324.0,3 Ave & 14 St,40.6685455,-73.99333264
593,3656.0,E 2 St & Avenue A,40.72307749068673,-73.98583620786667
594,3126.0,44 Dr & Jackson Ave,40.74718234,-73.9432635
595,174.0,E 25 St & 1 Ave,40.7381765,-73.97738662
596,3734.0,E 58 St &  1 Ave (NW Corner),40.759125,-73.96265799999998
597,368.0,Carmine St & 6 Ave,40.73038599,-74.00214988
598,470.0,W 20 St & 8 Ave,40.74345335,-74.00004031
599,3043.0,Lewis Ave & Decatur St,40.6814598,-73.934903
600,316.0,Fulton St & William St,40.70955958,-74.00653609
601,3059.0,Pulaski St & Marcus Garvey Blvd,40.6933982,-73.939877
602,3558.0,Bergen St & Vanderbilt Ave,40.6794388,-73.96804379999998
603,3664.0,North Moore St & Greenwich St,40.72019521437465,-74.0103006362915
604,363.0,West Thames St,40.70834698,-74.01713445
605,82.0,St James Pl & Pearl St,40.71117416,-74.00016545
606,3509.0,Lenox Ave & W 115 St,40.8011939,-73.9500739
607,373.0,Willoughby Ave & Walworth St,40.69331716,-73.95381995
608,3255.0,8 Ave & W 31 St,40.7505853470215,-73.9946848154068
609,3420.0,Douglass St & 3 Ave,40.6802133,-73.98432695
610,539.0,Metropolitan Ave & Bedford Ave,40.71534825,-73.96024116
611,3408.0,Congress St & Clinton St,40.6881529,-73.99520919
612,3136.0,5 Ave & E 63 St,40.766368,-73.971518
613,3044.0,Albany Ave & Fulton St,40.6800105,-73.938475
614,3312.0,1 Ave & E 94 St,40.78172120000001,-73.94594000000002
615,3707.0,Lexington Ave & E 26 St,40.741459000000006,-73.983293
616,3107.0,Bedford Ave & Nassau Ave,40.72311651,-73.95212324
617,266.0,Avenue D & E 8 St,40.72368361,-73.97574813
618,471.0,Grand St & Havemeyer St,40.71286844,-73.95698119
619,387.0,Centre St & Chambers St,40.71273266,-74.0046073
620,3573.0,35 St & 34 Ave,40.7580583,-73.92427509999997
621,3166.0,Riverside Dr & W 72 St,40.78057799010335,-73.98562431335448
622,3662.0,31 Ave & Steinway St,40.76129389728909,-73.916916847229
623,3306.0,10 St & 7 Ave,40.6662078,-73.98199886
624,494.0,W 26 St & 8 Ave,40.74734825,-73.99723551
625,434.0,9 Ave & W 18 St,40.74317449,-74.00366443
626,116.0,W 17 St & 8 Ave,40.74177603,-74.00149746
627,3167.0,Amsterdam Ave & W 73 St,40.779668090073116,-73.98093044757842
628,3529.0,Lenox Ave & W 130 St,40.8107922,-73.9430681
629,3423.0,West Drive & Prospect Park West,40.6610633719006,-73.97945255041121
630,3123.0,31 St & Thomson Ave,40.74469738,-73.93540375
631,3358.0,Garfield Pl & 8 Ave,40.6711978,-73.97484126
632,151.0,Cleveland Pl & Spring St,40.72210378668603,-73.99724900722505
633,350.0,Clinton St & Grand St,40.71559509,-73.9870295
634,3068.0,Humboldt St & Varet St,40.7031724,-73.940636
635,3604.0,Rogers Ave & Sterling St,40.6630619,-73.95387459999998
636,325.0,E 19 St & 3 Ave,40.73624527,-73.98473765
637,3689.0,W 104 St & Amsterdam Ave,40.79904139288298,-73.96649479866028
638,314.0,Cadman Plaza West & Montague St,40.69383,-73.990539
639,326.0,E 11 St & 1 Ave,40.72953837,-73.98426726
640,3674.0,Jay St & York St,40.70140317257725,-73.98672670125961
641,3686.0,Gansevoort St & Hudson St,40.73944820130404,-74.00507032871245
642,346.0,Bank St & Hudson St,40.73652889,-74.00618026
643,365.0,Fulton St & Grand Ave,40.68223166,-73.9614583
644,3112.0,Milton St & Franklin St,40.72906,-73.95779
645,3159.0,W 67 St & Broadway,40.77492513,-73.98266566
646,3554.0,Vernon Blvd & 41 Rd,40.7552433,-73.94856779999998
647,3724.0,7 Ave & Central Park South,40.7667405590595,-73.9790689945221
648,3574.0,Prospect Pl & Underhill Ave,40.6769694,-73.96579
649,3383.0,Cathedral Pkwy & Broadway,40.804213,-73.96699104
650,3496.0,1 Ave & E 110 St,40.7923272,-73.9383
651,3155.0,Lexington Ave & E 63 St,40.76440023,-73.96648977
652,161.0,LaGuardia Pl & W 3 St,40.72917025,-73.99810231
653,3697.0,W 64 St & Thelonious Monk Circle,40.77515953434235,-73.98918695747851
654,296.0,Division St & Bowery,40.71413089,-73.99704679999998
655,251.0,Mott St & Prince St,40.72317958,-73.99480012
656,259.0,South St & Whitehall St,40.70122128,-74.01234218
657,260.0,Broad St & Bridge St,40.70365182,-74.01167797
658,3755.0,DeKalb Ave & Franklin Ave,40.69064807082943,-73.95746178925037
659,3536.0,W 116 St & Broadway,40.8082,-73.9641
660,164.0,E 47 St & 2 Ave,40.75323098,-73.97032517
661,3092.0,Berry St & N 8 St,40.7190095,-73.95852515
662,394.0,E 9 St & Avenue C,40.72521311,-73.97768752
663,229.0,Great Jones St,40.72743423,-73.99379025
664,432.0,E 7 St & Avenue A,40.72621788,-73.98379855
665,529.0,W 42 St & 8 Ave,40.75756989999999,-73.99098507
666,405.0,Washington St & Gansevoort St,40.739323,-74.008119
667,3289.0,W 90 St & Amsterdam Ave,40.79017948095081,-73.97288918495178
668,472.0,E 32 St & Park Ave,40.74571210000001,-73.98194829
669,3690.0,Park Pl & Church St,40.71334184275907,-74.00935515761375
670,3712.0,W 35 St & Dyer Ave,40.754691750226016,-73.9974018931389
671,447.0,8 Ave & W 52 St,40.76370739,-73.9851615
672,239.0,Willoughby St & Fleet St,40.69196566,-73.9813018
673,3668.0,Leonard St & Nassau Ave,40.7239567849954,-73.94984364509583
674,3305.0,E 91 St & 2 Ave,40.781122299341654,-73.94965589046478
675,3514.0,Astoria Park S & Shore Blvd,40.7767,-73.927631
676,3096.0,Union Ave & N 12 St,40.71924,-73.95241999999998
677,3002.0,South End Ave & Liberty St,40.711512,-74.01575600000002
678,3389.0,Carroll St & Columbia St,40.6830456,-74.00348559
679,83.0,Atlantic Ave & Fort Greene Pl,40.68382604,-73.97632328
680,531.0,Forsyth St & Broome St,40.71893904,-73.99266288
681,3699.0,W 50 St & 9 Ave,40.76360467795863,-73.98917958140373
682,3790.0,Henry St & Middagh St,40.7003,-73.99158100000002
683,461.0,E 20 St & 2 Ave,40.73587678,-73.98205027
684,3129.0,Queens Plaza North & Crescent St,40.75110165,-73.94073717
685,388.0,W 26 St & 10 Ave,40.749717753,-74.002950346
686,530.0,11 Ave & W 59 St,40.771496710544405,-73.99046033620834
687,435.0,W 21 St & 6 Ave,40.74173969,-73.99415556
688,358.0,Christopher St & Greenwich St,40.73291553,-74.00711384
689,304.0,Broadway & Battery Pl,40.70463334,-74.01361706
690,479.0,9 Ave & W 45 St,40.76019252,-73.9912551
691,3148.0,E 84 St & 1 Ave,40.77565541,-73.95068615
692,3374.0,Central Park North & Adam Clayton Powell Blvd,40.799484,-73.955613
693,342.0,Columbia St & Rivington St,40.71739973,-73.98016555
694,525.0,W 34 St & 11 Ave,40.75594159,-74.0021163
695,3263.0,Cooper Square & Astor Pl,40.729514962249496,-73.99075269699097
696,473.0,Rivington St & Chrystie St,40.72110063,-73.99192540000001
697,3763.0,Wyckoff Av & Jefferson St,40.707165,-73.923711
698,3747.0,E 84 St & 3 Ave,40.777553742988864,-73.95512759685515
699,238.0,Bank St & Washington St,40.7361967,-74.00859207
700,499.0,Broadway & W 60 St,40.76915505,-73.98191841
701,450.0,W 49 St & 8 Ave,40.76227205,-73.98788205
702,3301.0,Columbus Ave & W 95 St,40.7919557,-73.968087
703,319.0,Fulton St & Broadway,40.711066,-74.009447
704,462.0,W 22 St & 10 Ave,40.74691959,-74.00451887
705,312.0,Allen St & Stanton St,40.722055,-73.989111
706,3086.0,Graham Ave & Conselyea St,40.715143,-73.944507
707,3429.0,Hanson Pl & Ashland Pl,40.68506807308177,-73.97790759801863
708,3357.0,W 106 St & Amsterdam Ave,40.80083629999999,-73.9664492472
709,323.0,Lawrence St & Willoughby St,40.69236178,-73.98631746
710,490.0,8 Ave & W 33 St,40.751551,-73.993934
711,236.0,St Marks Pl & 2 Ave,40.7284186,-73.98713956
712,515.0,W 43 St & 10 Ave,40.76009437,-73.99461843
713,528.0,2 Ave & E 31 St,40.74290902,-73.97706058
714,489.0,10 Ave & W 28 St,40.75066386,-74.00176802
715,389.0,Broadway & Berry St,40.71044554,-73.96525063
716,3119.0,Vernon Blvd & 50 Ave,40.74232744,-73.95411749
717,495.0,W 47 St & 10 Ave,40.76269882,-73.99301222
718,257.0,Lispenard St & Broadway,40.71939226,-74.00247214
719,454.0,E 51 St & 1 Ave,40.75455731,-73.96592976
720,3078.0,Broadway & Roebling St,40.70924826276157,-73.96063148975372
721,3168.0,Central Park West & W 85 St,40.78472675,-73.96961715
722,3560.0,28 St & 38 Ave,40.754876,-73.934326
723,150.0,E 2 St & Avenue C,40.7208736,-73.98085795
724,3675.0,3 Ave & E 95 St,40.784596798848916,-73.94968539476396
725,503.0,E 20 St & Park Ave,40.73827428,-73.98751968
726,477.0,W 41 St & 8 Ave,40.75640548,-73.9900262
727,437.0,Macon St & Nostrand Ave,40.6809833854,-73.9500479759
728,517.0,Pershing Square South,40.751581,-73.97791
729,2012.0,E 27 St & 1 Ave,40.739445,-73.97680600000002
730,128.0,MacDougal St & Prince St,40.72710258,-74.00297088
731,3463.0,E 16 St & Irving Pl,40.735367055605394,-73.98797392845155
732,3769.0,White St & Johnson Ave,40.707174,-73.93581
733,455.0,1 Ave & E 44 St,40.75001986,-73.96905301
734,438.0,St Marks Pl & 1 Ave,40.72779126,-73.98564945
735,3244.0,University Pl & E 8 St,40.73143724085228,-73.99490341544151
736,3715.0,Driggs Ave & N 9 St,40.71816969454208,-73.95520135760306
737,396.0,Lefferts Pl & Franklin Ave,40.680342423,-73.9557689392
738,270.0,Adelphi St & Myrtle Ave,40.69308257,-73.97178913
739,3376.0,E 65 St & 2 Ave,40.76471851944339,-73.96222069859505
740,3259.0,9 Ave & W 28 St,40.74937024193277,-73.99923384189607
741,3711.0,E 13 St & Avenue A,40.72966729392978,-73.98067966103555
742,3733.0,Avenue C & E 18 St,40.730563,-73.973984
743,3612.0,30 Ave & 21 St,40.77037429999999,-73.9286078
744,3765.0,Bushwick Ave & Stagg St,40.709897,-73.94008000000002
745,465.0,Broadway & W 41 St,40.75513557,-73.98658032
746,327.0,Vesey Pl & River Terrace,40.7153379,-74.01658354
747,3414.0,Bergen St & Flatbush Ave,40.680944723477296,-73.97567331790923
748,485.0,W 37 St & 5 Ave,40.75038009,-73.98338988
749,478.0,11 Ave & W 41 St,40.76030096,-73.99884222
750,3572.0,34 Ave & 38 St,40.756913,-73.921631
751,3177.0,W 84 St & Broadway,40.7867947,-73.977112
752,3016.0,Kent Ave & N 7 St,40.72036775298455,-73.96165072917937
753,305.0,E 58 St & 3 Ave,40.76095756,-73.96724467
754,3615.0,44 Dr & 21 St,40.74800000000001,-73.94609270000002
755,265.0,Stanton St & Chrystie St,40.72229346,-73.99147535
756,3150.0,E 85 St & York Ave,40.77536905,-73.94803392
757,3236.0,W 42 St & Dyer Ave,40.75898481399634,-73.99379968643187
758,285.0,Broadway & E 14 St,40.73454567,-73.99074142
759,247.0,Perry St & Bleecker St,40.73535398,-74.00483091
760,3500.0,E 115 St & Madison Ave,40.7989445,-73.944846
761,468.0,Broadway & W 56 St,40.7652654,-73.98192338
762,301.0,E 2 St & Avenue B,40.72217444,-73.98368779
763,3714.0,Division Av & Hooper St,40.70684203101325,-73.9544353965357
764,2021.0,W 45 St & 8 Ave,40.75929124,-73.98859651
765,3709.0,W 15 St & 6 Ave,40.73804614248277,-73.99642959237099
766,3165.0,Central Park West & W 72 St,40.77579376683666,-73.97620573639871
767,3630.0,Frederick Douglass Blvd & W 115 St,40.8038654,-73.95593079999998
768,354.0,Emerson Pl & Myrtle Ave,40.69363137,-73.96223558
769,293.0,Lafayette St & E 8 St,40.73020660529954,-73.99102628231049
770,3082.0,Hope St & Union Ave,40.71167351,-73.95141312
771,3461.0,Murray St & Greenwich St,40.71485150526252,-74.01122331619263
772,397.0,Fulton St & Clermont Ave,40.68415748,-73.96922273
773,3163.0,Central Park West & W 68 St,40.7734066,-73.97782542
774,2006.0,Central Park S & 6 Ave,40.76590936,-73.97634151
775,379.0,W 31 St & 7 Ave,40.749156,-73.9916
776,284.0,Greenwich Ave & 8 Ave,40.7390169121,-74.0026376103
777,3563.0,28 St & 36 Ave,40.757186,-73.93271899999998
778,3072.0,Leonard St & Boerum St,40.70583339,-73.94644578
779,291.0,Madison St & Montgomery St,40.713126,-73.984844
780,2003.0,1 Ave & E 18 St,40.73381219196632,-73.9805442094803
781,533.0,Broadway & W 38 St,40.75299641,-73.98721619
782,440.0,E 45 St & 3 Ave,40.75255434,-73.97282625
783,3087.0,Metropolitan Ave & Meeker Ave,40.71413311,-73.95234386
784,3041.0,Kingston Ave & Herkimer St,40.67890679,-73.94142771
785,458.0,11 Ave & W 27 St,40.751396,-74.00522600000002
786,3178.0,Riverside Dr & W 78 St,40.78414472,-73.98362492
787,401.0,Allen St & Rivington St,40.72019576,-73.98997825
788,3331.0,Riverside Dr & W 104 St,40.8013434,-73.97114574390001
789,245.0,Myrtle Ave & St Edwards St,40.69327018,-73.97703874
790,545.0,E 23 St & 1 Ave,40.736502,-73.97809472
791,3611.0,Vernon Blvd & 47 Rd,40.7449067,-73.9534573
792,3628.0,Lenox Ave & W 117 St,40.8025566,-73.9490782
793,502.0,Henry St & Grand St,40.714215,-73.981346
794,3518.0,Lenox Ave & W 126 St,40.808442,-73.94520870000002
795,3467.0,W Broadway & Spring Street,40.72494672359416,-74.00165855884552
796,3493.0,E 118 St & 3 Ave,40.799139,-73.9389152
797,3142.0,1 Ave & E 62 St,40.7612274,-73.96094022
798,3427.0,Lafayette St & Jersey St,40.72430527250332,-73.99600982666016
799,3501.0,E 118 St & Madison Ave,40.8014866,-73.9442507
800,3329.0,Degraw St & Smith St,40.6829151,-73.99318208
801,237.0,E 11 St & 2 Ave,40.73047309,-73.98672378
802,328.0,Watts St & Greenwich St,40.72405549,-74.00965965
803,295.0,Pike St & E Broadway,40.71406667,-73.99293911
804,467.0,Dean St & 4 Ave,40.68312489,-73.97895137
805,254.0,W 11 St & 6 Ave,40.73532427,-73.99800419
806,362.0,Broadway & W 37 St,40.75172632,-73.98753523
807,504.0,1 Ave & E 16 St,40.73221853,-73.98165557
808,3687.0,E 33 St & 1 Ave,40.74322681432173,-73.97449783980845
809,3314.0,W 95 St & Broadway,40.7937704,-73.971888
810,249.0,Harrison St & Hudson St,40.71870987,-74.0090009
811,3721.0,31 St & Newtown Ave,40.7675487799971,-73.92093345522879
812,317.0,E 6 St & Avenue B,40.72453734,-73.98185424
813,252.0,MacDougal St & Washington Sq,40.73226398,-73.99852205
814,491.0,E 24 St & Park Ave S,40.74096374,-73.98602213
815,514.0,12 Ave & W 40 St,40.76087502,-74.00277668
816,3113.0,Greenpoint Ave & Manhattan Ave,40.73026,-73.95394
817,445.0,E 10 St & Avenue A,40.72740794,-73.98142006
818,3307.0,West End Ave & W 94 St,40.7941654,-73.974124
819,402.0,Broadway & E 22 St,40.74034320000001,-73.98955109
820,3788.0,E 12 St & 4 Av,40.73269000000001,-73.98974
821,3183.0,Exchange Place,40.7162469,-74.0334588
822,3694.0,Jackson Square,40.71113,-74.0789
823,3207.0,Oakland Ave,40.7376037,-74.05247829999998
824,3268.0,Lafayette Park,40.71346382669195,-74.06285852193831
825,3191.0,Union St,40.71821129999999,-74.08363940000002
826,3277.0,Communipaw & Berry Lane,40.71435836870427,-74.06661093235016
827,3220.0,5 Corners Library,40.73496102000952,-74.05950307846071
828,3196.0,Riverview Park,40.7443187,-74.04399090000003
829,3426.0,JCBS Depot,40.70965083364061,-74.0686011314392
830,3225.0,Baldwin at Montgomery,40.7236589,-74.0641943
831,3281.0,Leonard Gordon Park,40.74590996631558,-74.05727148056029
832,3640.0,Journal Square,40.73367,-74.0625
833,3483.0,Montgomery St,40.71942,-74.05099
834,3214.0,Essex Light Rail,40.71277420000001,-74.03648570000001
835,3280.0,Astor Place,40.71928220070703,-74.07126188278198
836,3269.0,Brunswick & 6th,40.726011729646245,-74.0503889322281
837,3198.0,Heights Elevator,40.748715945380226,-74.04044330120088
838,3213.0,Van Vorst Park,40.71848892,-74.047726625
839,3272.0,Jersey & 3rd,40.723331586464354,-74.04595255851744
840,3187.0,Warren St,40.72112360000001,-74.03805095
841,3791.0,Hoboken Ave at Monmouth St,40.73520838045357,-74.04696375131606
842,3201.0,Dey St,40.737711,-74.066921
843,3206.0,Hilltop,40.7311689,-74.0575736
844,3212.0,Christ Hospital,40.734785818,-74.050443636
845,3270.0,Jersey & 6th St,40.72528910781132,-74.04557168483734
846,3481.0,York St,40.71649,-74.04105
847,3278.0,Monmouth and 6th,40.72568548362901,-74.0487903356552
848,3681.0,Grand St,40.71517767732029,-74.03768330812454
849,3276.0,Marin Light Rail,40.71458403535893,-74.04281705617905
850,3275.0,Columbus Drive,40.71835519823214,-74.03891444206238
851,3209.0,Brunswick St,40.7241765,-74.05065640000002
852,3205.0,JC Medical Center,40.71653978099194,-74.0496379137039
853,3267.0,Morris Canal,40.7124188237569,-74.03852552175522
854,3203.0,Hamilton Park,40.727595965999996,-74.044247311
855,3194.0,McGinley Square,40.7253399253558,-74.06762212514876
856,3638.0,Washington St,40.7242941,-74.0354826
857,3273.0,Manila & 1st,40.72165072487999,-74.04288411140442
858,3678.0,Fairmount Ave,40.72572613742557,-74.07195925712584
859,3639.0,Harborside,40.71925170000001,-74.034234
860,3193.0,Lincoln Park,40.7246050998869,-74.07840594649316
861,3186.0,Grove St PATH,40.71958611647166,-74.0431174635887
862,3184.0,Paulus Hook,40.7141454,-74.0335519
863,3199.0,Newport Pkwy,40.7287448,-74.03210820000002
864,3211.0,Newark Ave,40.72152515,-74.046304543
865,3195.0,Sip Ave,40.73089709786179,-74.06391263008119
866,3192.0,Liberty Light Rail,40.7112423,-74.0557013
867,3202.0,Newport PATH,40.7272235,-74.03375890000002
868,3279.0,Dixon Mills,40.72163014263835,-74.04996782541275
869,3677.0,Glenwood Ave,40.72755146730012,-74.07106071710588
870,3679.0,Bergen Ave,40.72210378668603,-74.07145500183104
871,3185.0,City Hall,40.7177325,-74.04384499999998
872,3210.0,Pershing Field,40.742677141,-74.051788633
