,start_station_id,end_station_id,trips,mean_tripduration,station_name_start,station_latitude_start,station_longitude_start,station_name_end,station_latitude_end,station_longitude_end
0,72,72,6,1325,W 52 St & 11 Ave,40.76727216,-73.99392888,W 52 St & 11 Ave,40.76727216,-73.99392888
1,72,79,3,1532,W 52 St & 11 Ave,40.76727216,-73.99392888,Franklin St & W Broadway,40.71911552,-74.00666661
2,72,116,3,991,W 52 St & 11 Ave,40.76727216,-73.99392888,W 17 St & 8 Ave,40.74177603,-74.00149746
3,72,127,2,856,W 52 St & 11 Ave,40.76727216,-73.99392888,Barrow St & Hudson St,40.73172428,-74.00674436
4,72,128,1,1016,W 52 St & 11 Ave,40.76727216,-73.99392888,MacDougal St & Prince St,40.72710258,-74.00297088
5,72,137,2,725,W 52 St & 11 Ave,40.76727216,-73.99392888,E 56 St & Madison Ave,40.761628,-73.972924
6,72,147,2,1934,W 52 St & 11 Ave,40.76727216,-73.99392888,Greenwich St & Warren St,40.71542197,-74.01121978
7,72,150,2,1522,W 52 St & 11 Ave,40.76727216,-73.99392888,E 2 St & Avenue C,40.7208736,-73.98085795
8,72,151,1,1707,W 52 St & 11 Ave,40.76727216,-73.99392888,Cleveland Pl & Spring St,40.72210379,-73.99724901
9,72,152,1,1465,W 52 St & 11 Ave,40.76727216,-73.99392888,Warren St & Church St,40.71473993,-74.00910627
10,72,153,2,969,W 52 St & 11 Ave,40.76727216,-73.99392888,E 40 St & 5 Ave,40.75206231,-73.9816324
11,72,164,1,901,W 52 St & 11 Ave,40.76727216,-73.99392888,E 47 St & 2 Ave,40.75323098,-73.97032517
12,72,167,1,1239,W 52 St & 11 Ave,40.76727216,-73.99392888,E 39 St & 3 Ave,40.7489006,-73.97604882
13,72,168,1,932,W 52 St & 11 Ave,40.76727216,-73.99392888,W 18 St & 6 Ave,40.73971301,-73.99456405
14,72,173,17,455,W 52 St & 11 Ave,40.76727216,-73.99392888,Broadway & W 49 St,40.76068327,-73.98452729
15,72,195,2,1832,W 52 St & 11 Ave,40.76727216,-73.99392888,Liberty St & Broadway,40.70905623,-74.01043382
16,72,212,21,945,W 52 St & 11 Ave,40.76727216,-73.99392888,W 16 St & The High Line,40.74334935,-74.00681753
17,72,223,1,512,W 52 St & 11 Ave,40.76727216,-73.99392888,W 13 St & 7 Ave,40.73781509,-73.99994661
18,72,225,3,1039,W 52 St & 11 Ave,40.76727216,-73.99392888,W 14 St & The High Line,40.74195138,-74.00803013
19,72,228,2,745,W 52 St & 11 Ave,40.76727216,-73.99392888,E 48 St & 3 Ave,40.7546011,-73.97187886
20,72,229,3,1426,W 52 St & 11 Ave,40.76727216,-73.99392888,Great Jones St,40.72743423,-73.99379025
21,72,236,2,1961,W 52 St & 11 Ave,40.76727216,-73.99392888,St Marks Pl & 2 Ave,40.7284186,-73.98713956
22,72,238,1,1092,W 52 St & 11 Ave,40.76727216,-73.99392888,Bank St & Washington St,40.7361967,-74.00859207
23,72,243,4,832,W 52 St & 11 Ave,40.76727216,-73.99392888,Fulton St & Rockwell Pl,40.68841,-73.979458
24,72,247,2,741,W 52 St & 11 Ave,40.76727216,-73.99392888,Perry St & Bleecker St,40.73535398,-74.00483091
25,72,251,2,1694,W 52 St & 11 Ave,40.76727216,-73.99392888,Mott St & Prince St,40.72317958,-73.99480012
26,72,252,3,1063,W 52 St & 11 Ave,40.76727216,-73.99392888,MacDougal St & Washington Sq,40.73226398,-73.99852205
27,72,254,1,855,W 52 St & 11 Ave,40.76727216,-73.99392888,W 11 St & 6 Ave,40.73532427,-73.99800419
28,72,257,5,1587,W 52 St & 11 Ave,40.76727216,-73.99392888,Lispenard St & Broadway,40.71939226,-74.00247214
29,72,259,4,2111,W 52 St & 11 Ave,40.76727216,-73.99392888,South St & Whitehall St,40.70122128,-74.01234218
30,72,264,1,1060,W 52 St & 11 Ave,40.76727216,-73.99392888,Maiden Ln & Pearl St,40.70706456,-74.00731853
31,72,265,2,1670,W 52 St & 11 Ave,40.76727216,-73.99392888,Stanton St & Chrystie St,40.72229346,-73.99147535
32,72,267,10,713,W 52 St & 11 Ave,40.76727216,-73.99392888,Broadway & W 36 St,40.75097711,-73.98765428
33,72,276,1,1207,W 52 St & 11 Ave,40.76727216,-73.99392888,Duane St & Greenwich St,40.71748752,-74.0104554
34,72,280,1,1460,W 52 St & 11 Ave,40.76727216,-73.99392888,E 10 St & 5 Ave,40.73331967,-73.99510132
35,72,281,2,1492,W 52 St & 11 Ave,40.76727216,-73.99392888,Grand Army Plaza & Central Park S,40.7643971,-73.97371465
36,72,284,4,1270,W 52 St & 11 Ave,40.76727216,-73.99392888,Greenwich Ave & 8 Ave,40.73901691,-74.00263761
37,72,285,1,445,W 52 St & 11 Ave,40.76727216,-73.99392888,Broadway & E 14 St,40.73454567,-73.99074142
38,72,293,3,1510,W 52 St & 11 Ave,40.76727216,-73.99392888,Lafayette St & E 8 St,40.73020661,-73.99102628
39,72,294,2,888,W 52 St & 11 Ave,40.76727216,-73.99392888,Washington Square E,40.73049393,-73.9957214
40,72,295,1,2217,W 52 St & 11 Ave,40.76727216,-73.99392888,Pike St & E Broadway,40.71406667,-73.99293911
41,72,301,2,1072,W 52 St & 11 Ave,40.76727216,-73.99392888,E 2 St & Avenue B,40.72217444,-73.98368779
42,72,304,1,2231,W 52 St & 11 Ave,40.76727216,-73.99392888,Broadway & Battery Pl,40.70463334,-74.01361706
43,72,305,2,1953,W 52 St & 11 Ave,40.76727216,-73.99392888,E 58 St & 3 Ave,40.76095756,-73.96724467
44,72,307,1,1748,W 52 St & 11 Ave,40.76727216,-73.99392888,Canal St & Rutgers St,40.71427487,-73.98990025
45,72,309,1,900,W 52 St & 11 Ave,40.76727216,-73.99392888,Murray St & West St,40.7149787,-74.013012
46,72,317,1,705,W 52 St & 11 Ave,40.76727216,-73.99392888,E 6 St & Avenue B,40.72453734,-73.98185424
47,72,318,12,905,W 52 St & 11 Ave,40.76727216,-73.99392888,E 43 St & Vanderbilt Ave,40.75320159,-73.9779874
48,72,319,1,1679,W 52 St & 11 Ave,40.76727216,-73.99392888,Fulton St & Broadway,40.711066,-74.009447
49,72,325,2,989,W 52 St & 11 Ave,40.76727216,-73.99392888,E 19 St & 3 Ave,40.73624527,-73.98473765
50,72,326,11,948,W 52 St & 11 Ave,40.76727216,-73.99392888,E 11 St & 1 Ave,40.72953837,-73.98426726
51,72,328,13,1302,W 52 St & 11 Ave,40.76727216,-73.99392888,Watts St & Greenwich St,40.72405549,-74.00965965
52,72,329,1,1348,W 52 St & 11 Ave,40.76727216,-73.99392888,Greenwich St & North Moore St,40.72015227,-74.01036501
53,72,334,8,974,W 52 St & 11 Ave,40.76727216,-73.99392888,W 20 St & 7 Ave,40.74238787,-73.99726235
54,72,335,2,378,W 52 St & 11 Ave,40.76727216,-73.99392888,Washington Pl & Broadway,40.72903917,-73.99404649
55,72,336,4,1508,W 52 St & 11 Ave,40.76727216,-73.99392888,Sullivan St & Washington Sq,40.73047747,-73.99906065
56,72,341,1,2230,W 52 St & 11 Ave,40.76727216,-73.99392888,Stanton St & Mangin St,40.71782143,-73.97628939
57,72,345,1,1601,W 52 St & 11 Ave,40.76727216,-73.99392888,W 13 St & 6 Ave,40.73649403,-73.99704374
58,72,346,5,673,W 52 St & 11 Ave,40.76727216,-73.99392888,Bank St & Hudson St,40.73652889,-74.00618026
59,72,347,4,850,W 52 St & 11 Ave,40.76727216,-73.99392888,Greenwich St & W Houston St,40.728846,-74.008591
60,72,349,1,1155,W 52 St & 11 Ave,40.76727216,-73.99392888,Rivington St & Ridge St,40.71850211,-73.98329859
61,72,352,5,574,W 52 St & 11 Ave,40.76727216,-73.99392888,W 56 St & 6 Ave,40.76340613,-73.97722479
62,72,355,1,242,W 52 St & 11 Ave,40.76727216,-73.99392888,Bayard St & Baxter St,40.71602118,-73.99974372
63,72,357,1,400,W 52 St & 11 Ave,40.76727216,-73.99392888,E 11 St & Broadway,40.73261787,-73.99158043
64,72,358,4,1935,W 52 St & 11 Ave,40.76727216,-73.99392888,Christopher St & Greenwich St,40.73291553,-74.00711384
65,72,359,8,1061,W 52 St & 11 Ave,40.76727216,-73.99392888,E 47 St & Park Ave,40.75510267,-73.97498696
66,72,362,1,877,W 52 St & 11 Ave,40.76727216,-73.99392888,Broadway & W 37 St,40.75172632,-73.98753523
67,72,363,4,1642,W 52 St & 11 Ave,40.76727216,-73.99392888,West Thames St,40.70834698,-74.01713445
68,72,367,6,977,W 52 St & 11 Ave,40.76727216,-73.99392888,E 53 St & Lexington Ave,40.75828065,-73.97069431
69,72,368,1,1205,W 52 St & 11 Ave,40.76727216,-73.99392888,Carmine St & 6 Ave,40.73038599,-74.00214988
70,72,369,1,1725,W 52 St & 11 Ave,40.76727216,-73.99392888,Washington Pl & 6 Ave,40.73224119,-74.00026394
71,72,375,5,1443,W 52 St & 11 Ave,40.76727216,-73.99392888,Mercer St & Bleecker St S,40.72679454,-73.99695094
72,72,377,5,1622,W 52 St & 11 Ave,40.76727216,-73.99392888,6 Ave & Canal St,40.72243797,-74.00566443
73,72,379,3,592,W 52 St & 11 Ave,40.76727216,-73.99392888,W 31 St & 7 Ave,40.749156,-73.9916
74,72,380,4,208,W 52 St & 11 Ave,40.76727216,-73.99392888,W 4 St & 7 Ave S,40.73401143,-74.00293877
75,72,382,4,409,W 52 St & 11 Ave,40.76727216,-73.99392888,University Pl & E 14 St,40.73492695,-73.99200509
76,72,383,2,1559,W 52 St & 11 Ave,40.76727216,-73.99392888,Greenwich Ave & Charles St,40.735238,-74.000271
77,72,387,1,754,W 52 St & 11 Ave,40.76727216,-73.99392888,Centre St & Chambers St,40.71273266,-74.0046073
78,72,388,2,638,W 52 St & 11 Ave,40.76727216,-73.99392888,W 26 St & 10 Ave,40.74971775,-74.00295035
79,72,393,1,957,W 52 St & 11 Ave,40.76727216,-73.99392888,E 5 St & Avenue C,40.72299208,-73.97995466
80,72,401,1,1997,W 52 St & 11 Ave,40.76727216,-73.99392888,Allen St & Rivington St,40.72019576,-73.98997825
81,72,402,2,1491,W 52 St & 11 Ave,40.76727216,-73.99392888,Broadway & E 22 St,40.7403432,-73.98955109
82,72,404,9,1126,W 52 St & 11 Ave,40.76727216,-73.99392888,9 Ave & W 14 St,40.7405826,-74.00550867
83,72,405,6,863,W 52 St & 11 Ave,40.76727216,-73.99392888,Washington St & Gansevoort St,40.739323,-74.008119
84,72,410,1,1899,W 52 St & 11 Ave,40.76727216,-73.99392888,Suffolk St & Stanton St,40.72066442,-73.98517977
85,72,411,4,2280,W 52 St & 11 Ave,40.76727216,-73.99392888,E 6 St & Avenue D,40.72228087,-73.97668709
86,72,422,2,1400,W 52 St & 11 Ave,40.76727216,-73.99392888,W 59 St & 10 Ave,40.770513,-73.988038
87,72,423,1,716,W 52 St & 11 Ave,40.76727216,-73.99392888,W 54 St & 9 Ave,40.76584941,-73.98690506
88,72,426,12,1586,W 52 St & 11 Ave,40.76727216,-73.99392888,West St & Chambers St,40.71754834,-74.01322069
89,72,427,1,2139,W 52 St & 11 Ave,40.76727216,-73.99392888,Bus Slip & State St,40.701907,-74.013942
90,72,428,1,2116,W 52 St & 11 Ave,40.76727216,-73.99392888,E 3 St & 1 Ave,40.72467721,-73.98783413
91,72,433,2,1520,W 52 St & 11 Ave,40.76727216,-73.99392888,old - E 13 St & Avenue A,40.72955361,-73.98057249
92,72,434,3,964,W 52 St & 11 Ave,40.76727216,-73.99392888,9 Ave & W 18 St,40.74317449,-74.00366443
93,72,435,2,1028,W 52 St & 11 Ave,40.76727216,-73.99392888,W 21 St & 6 Ave,40.74173969,-73.99415556
94,72,442,10,844,W 52 St & 11 Ave,40.76727216,-73.99392888,W 27 St & 7 Ave,40.746647,-73.993915
95,72,444,3,799,W 52 St & 11 Ave,40.76727216,-73.99392888,Broadway & W 24 St,40.7423543,-73.98915076
96,72,446,15,751,W 52 St & 11 Ave,40.76727216,-73.99392888,W 24 St & 7 Ave,40.74487634,-73.99529885
97,72,447,23,335,W 52 St & 11 Ave,40.76727216,-73.99392888,8 Ave & W 52 St,40.76370739,-73.9851615
98,72,448,4,455,W 52 St & 11 Ave,40.76727216,-73.99392888,W 37 St & 10 Ave,40.75660359,-73.9979009
99,72,449,8,293,W 52 St & 11 Ave,40.76727216,-73.99392888,W 52 St & 9 Ave,40.76461837,-73.98789473
100,72,450,20,388,W 52 St & 11 Ave,40.76727216,-73.99392888,W 49 St & 8 Ave,40.76227205,-73.98788205
101,72,453,2,799,W 52 St & 11 Ave,40.76727216,-73.99392888,W 22 St & 8 Ave,40.74475148,-73.99915362
102,72,454,1,893,W 52 St & 11 Ave,40.76727216,-73.99392888,E 51 St & 1 Ave,40.75455731,-73.96592976
103,72,455,1,501,W 52 St & 11 Ave,40.76727216,-73.99392888,1 Ave & E 44 St,40.75001986,-73.96905301
104,72,456,2,655,W 52 St & 11 Ave,40.76727216,-73.99392888,E 53 St & Madison Ave,40.7597108,-73.97402311
105,72,457,4,471,W 52 St & 11 Ave,40.76727216,-73.99392888,Broadway & W 58 St,40.76695317,-73.98169333
106,72,458,4,700,W 52 St & 11 Ave,40.76727216,-73.99392888,11 Ave & W 27 St,40.751396,-74.005226
107,72,459,7,860,W 52 St & 11 Ave,40.76727216,-73.99392888,W 20 St & 11 Ave,40.746745,-74.007756
108,72,461,3,1773,W 52 St & 11 Ave,40.76727216,-73.99392888,E 20 St & 2 Ave,40.73587678,-73.98205027
109,72,462,26,874,W 52 St & 11 Ave,40.76727216,-73.99392888,W 22 St & 10 Ave,40.74691959,-74.00451887
110,72,463,11,1138,W 52 St & 11 Ave,40.76727216,-73.99392888,9 Ave & W 16 St,40.74206539,-74.00443172
111,72,464,3,797,W 52 St & 11 Ave,40.76727216,-73.99392888,E 56 St & 3 Ave,40.75934501,-73.96759673
112,72,465,6,640,W 52 St & 11 Ave,40.76727216,-73.99392888,Broadway & W 41 St,40.75513557,-73.98658032
113,72,466,4,826,W 52 St & 11 Ave,40.76727216,-73.99392888,W 25 St & 6 Ave,40.74395411,-73.99144871
114,72,468,4,775,W 52 St & 11 Ave,40.76727216,-73.99392888,Broadway & W 56 St,40.7652654,-73.98192338
115,72,469,13,467,W 52 St & 11 Ave,40.76727216,-73.99392888,Broadway & W 53 St,40.76344058,-73.98268129
116,72,470,2,3502,W 52 St & 11 Ave,40.76727216,-73.99392888,W 20 St & 8 Ave,40.74345335,-74.00004031
117,72,472,8,933,W 52 St & 11 Ave,40.76727216,-73.99392888,E 32 St & Park Ave,40.7457121,-73.98194829
118,72,474,2,935,W 52 St & 11 Ave,40.76727216,-73.99392888,5 Ave & E 29 St,40.7451677,-73.98683077
119,72,476,1,1487,W 52 St & 11 Ave,40.76727216,-73.99392888,E 31 St & 3 Ave,40.74394314,-73.97966069
120,72,477,3,592,W 52 St & 11 Ave,40.76727216,-73.99392888,W 41 St & 8 Ave,40.75640548,-73.9900262
121,72,478,12,316,W 52 St & 11 Ave,40.76727216,-73.99392888,11 Ave & W 41 St,40.76030096,-73.99884222
122,72,479,21,399,W 52 St & 11 Ave,40.76727216,-73.99392888,9 Ave & W 45 St,40.76019252,-73.9912551
123,72,482,1,1251,W 52 St & 11 Ave,40.76727216,-73.99392888,W 15 St & 7 Ave,40.73935542,-73.99931783
124,72,483,1,397,W 52 St & 11 Ave,40.76727216,-73.99392888,E 12 St & 3 Ave,40.73223272,-73.98889957
125,72,484,3,808,W 52 St & 11 Ave,40.76727216,-73.99392888,W 44 St & 5 Ave,40.75500254,-73.98014437
126,72,487,1,1266,W 52 St & 11 Ave,40.76727216,-73.99392888,E 20 St & FDR Drive,40.73314259,-73.97573881
127,72,488,47,456,W 52 St & 11 Ave,40.76727216,-73.99392888,W 39 St & 9 Ave,40.75645824,-73.99372222
128,72,489,3,723,W 52 St & 11 Ave,40.76727216,-73.99392888,10 Ave & W 28 St,40.75066386,-74.00176802
129,72,490,15,770,W 52 St & 11 Ave,40.76727216,-73.99392888,8 Ave & W 33 St,40.751551,-73.993934
130,72,492,5,867,W 52 St & 11 Ave,40.76727216,-73.99392888,W 33 St & 7 Ave,40.75019995,-73.99093085
131,72,493,7,691,W 52 St & 11 Ave,40.76727216,-73.99392888,W 45 St & 6 Ave,40.7568001,-73.98291153
132,72,494,14,324,W 52 St & 11 Ave,40.76727216,-73.99392888,W 26 St & 8 Ave,40.74734825,-73.99723551
133,72,495,3,255,W 52 St & 11 Ave,40.76727216,-73.99392888,W 47 St & 10 Ave,40.76269882,-73.99301222
134,72,496,2,1454,W 52 St & 11 Ave,40.76727216,-73.99392888,E 16 St & 5 Ave,40.73726186,-73.99238967
135,72,497,3,1099,W 52 St & 11 Ave,40.76727216,-73.99392888,E 17 St & Broadway,40.73704984,-73.99009296
136,72,498,6,793,W 52 St & 11 Ave,40.76727216,-73.99392888,Broadway & W 32 St,40.74854862,-73.98808416
137,72,499,9,614,W 52 St & 11 Ave,40.76727216,-73.99392888,Broadway & W 60 St,40.76915505,-73.98191841
138,72,500,20,421,W 52 St & 11 Ave,40.76727216,-73.99392888,Broadway & W 51 St,40.76228826,-73.98336183
139,72,503,2,1307,W 52 St & 11 Ave,40.76727216,-73.99392888,E 20 St & Park Ave,40.73827428,-73.98751968
140,72,504,1,1181,W 52 St & 11 Ave,40.76727216,-73.99392888,1 Ave & E 16 St,40.73221853,-73.98165557
141,72,505,1,990,W 52 St & 11 Ave,40.76727216,-73.99392888,6 Ave & W 33 St,40.74901271,-73.98848395
142,72,507,7,1425,W 52 St & 11 Ave,40.76727216,-73.99392888,E 25 St & 2 Ave,40.73912601,-73.97973776
143,72,508,7,195,W 52 St & 11 Ave,40.76727216,-73.99392888,W 46 St & 11 Ave,40.76341379,-73.99667444
144,72,509,3,1411,W 52 St & 11 Ave,40.76727216,-73.99392888,9 Ave & W 22 St,40.7454973,-74.00197139
145,72,510,10,468,W 52 St & 11 Ave,40.76727216,-73.99392888,W 51 St & 6 Ave,40.7606597,-73.98042047
146,72,511,2,1150,W 52 St & 11 Ave,40.76727216,-73.99392888,E 14 St & Avenue B,40.72938685,-73.97772429
147,72,512,2,1622,W 52 St & 11 Ave,40.76727216,-73.99392888,W 29 St & 9 Ave,40.7500727,-73.99839279
148,72,513,7,419,W 52 St & 11 Ave,40.76727216,-73.99392888,W 56 St & 10 Ave,40.768254,-73.988639
149,72,514,29,318,W 52 St & 11 Ave,40.76727216,-73.99392888,12 Ave & W 40 St,40.76087502,-74.00277668
150,72,515,5,385,W 52 St & 11 Ave,40.76727216,-73.99392888,W 43 St & 10 Ave,40.76009437,-73.99461843
151,72,517,2,859,W 52 St & 11 Ave,40.76727216,-73.99392888,Pershing Square South,40.751581,-73.97791
152,72,518,1,440,W 52 St & 11 Ave,40.76727216,-73.99392888,E 39 St & 2 Ave,40.74780373,-73.9734419
153,72,519,9,838,W 52 St & 11 Ave,40.76727216,-73.99392888,Pershing Square North,40.751873,-73.977706
154,72,520,31,637,W 52 St & 11 Ave,40.76727216,-73.99392888,W 52 St & 5 Ave,40.75992262,-73.97648516
155,72,521,21,552,W 52 St & 11 Ave,40.76727216,-73.99392888,8 Ave & W 31 St N,40.75096735,-73.99444208
156,72,522,26,688,W 52 St & 11 Ave,40.76727216,-73.99392888,E 51 St & Lexington Ave,40.75714758,-73.97207836
157,72,523,8,821,W 52 St & 11 Ave,40.76727216,-73.99392888,W 38 St & 8 Ave,40.75466591,-73.99138152
158,72,524,6,642,W 52 St & 11 Ave,40.76727216,-73.99392888,W 43 St & 6 Ave,40.75527307,-73.98316936
159,72,525,11,515,W 52 St & 11 Ave,40.76727216,-73.99392888,W 34 St & 11 Ave,40.75594159,-74.0021163
160,72,528,1,1958,W 52 St & 11 Ave,40.76727216,-73.99392888,2 Ave & E 31 St,40.74290902,-73.97706058
161,72,529,21,483,W 52 St & 11 Ave,40.76727216,-73.99392888,W 42 St & 8 Ave,40.7575699,-73.99098507
162,72,533,2,691,W 52 St & 11 Ave,40.76727216,-73.99392888,Broadway & W 38 St,40.75299641,-73.98721619
163,72,537,5,1145,W 52 St & 11 Ave,40.76727216,-73.99392888,Lexington Ave & E 24 St,40.74025878,-73.98409214
164,72,538,9,664,W 52 St & 11 Ave,40.76727216,-73.99392888,E 48 St & Madison Ave,40.75666,-73.976684
165,72,540,3,1591,W 52 St & 11 Ave,40.76727216,-73.99392888,Lexington Ave & E 29 St,40.74311555,-73.98215353
166,72,546,2,2475,W 52 St & 11 Ave,40.76727216,-73.99392888,E 30 St & Park Ave S,40.74444921,-73.98303529
167,72,2003,3,1833,W 52 St & 11 Ave,40.76727216,-73.99392888,1 Ave & E 18 St,40.73381219,-73.98054421
168,72,2006,2,622,W 52 St & 11 Ave,40.76727216,-73.99392888,Central Park S & 6 Ave,40.76590936,-73.97634151
169,72,2008,2,1903,W 52 St & 11 Ave,40.76727216,-73.99392888,Little West St & 1 Pl,40.70569254,-74.01677685
170,72,2012,2,1165,W 52 St & 11 Ave,40.76727216,-73.99392888,E 27 St & 1 Ave,40.739445,-73.976806
171,72,2017,1,1059,W 52 St & 11 Ave,40.76727216,-73.99392888,E 43 St & 2 Ave,40.75022392,-73.97121414
172,72,2021,3,557,W 52 St & 11 Ave,40.76727216,-73.99392888,W 45 St & 8 Ave,40.75929124,-73.98859651
173,72,2023,4,759,W 52 St & 11 Ave,40.76727216,-73.99392888,E 55 St & Lexington Ave,40.75968085,-73.97031366
174,72,3002,1,1747,W 52 St & 11 Ave,40.76727216,-73.99392888,South End Ave & Liberty St,40.711512,-74.015756
175,79,72,3,1465,Franklin St & W Broadway,40.71911552,-74.00666661,W 52 St & 11 Ave,40.76727216,-73.99392888
176,79,79,9,779,Franklin St & W Broadway,40.71911552,-74.00666661,Franklin St & W Broadway,40.71911552,-74.00666661
177,79,82,3,384,Franklin St & W Broadway,40.71911552,-74.00666661,St James Pl & Pearl St,40.71117416,-74.00016545
178,79,116,1,1210,Franklin St & W Broadway,40.71911552,-74.00666661,W 17 St & 8 Ave,40.74177603,-74.00149746
179,79,127,3,1046,Franklin St & W Broadway,40.71911552,-74.00666661,Barrow St & Hudson St,40.73172428,-74.00674436
180,79,128,9,469,Franklin St & W Broadway,40.71911552,-74.00666661,MacDougal St & Prince St,40.72710258,-74.00297088
181,79,137,1,1918,Franklin St & W Broadway,40.71911552,-74.00666661,E 56 St & Madison Ave,40.761628,-73.972924
182,79,146,28,189,Franklin St & W Broadway,40.71911552,-74.00666661,Hudson St & Reade St,40.71625008,-74.0091059
183,79,147,23,254,Franklin St & W Broadway,40.71911552,-74.00666661,Greenwich St & Warren St,40.71542197,-74.01121978
184,79,151,11,466,Franklin St & W Broadway,40.71911552,-74.00666661,Cleveland Pl & Spring St,40.72210379,-73.99724901
185,79,152,14,240,Franklin St & W Broadway,40.71911552,-74.00666661,Warren St & Church St,40.71473993,-74.00910627
186,79,153,1,1572,Franklin St & W Broadway,40.71911552,-74.00666661,E 40 St & 5 Ave,40.75206231,-73.9816324
187,79,161,7,628,Franklin St & W Broadway,40.71911552,-74.00666661,LaGuardia Pl & W 3 St,40.72917025,-73.99810231
188,79,195,7,548,Franklin St & W Broadway,40.71911552,-74.00666661,Liberty St & Broadway,40.70905623,-74.01043382
189,79,216,1,1137,Franklin St & W Broadway,40.71911552,-74.00666661,Columbia Heights & Cranberry St,40.70037867,-73.99548059
190,79,217,2,2625,Franklin St & W Broadway,40.71911552,-74.00666661,Old Fulton St,40.70277159,-73.99383605
191,79,224,3,1540,Franklin St & W Broadway,40.71911552,-74.00666661,Spruce St & Nassau St,40.71146364,-74.00552427
192,79,229,1,580,Franklin St & W Broadway,40.71911552,-74.00666661,Great Jones St,40.72743423,-73.99379025
193,79,236,1,806,Franklin St & W Broadway,40.71911552,-74.00666661,St Marks Pl & 2 Ave,40.7284186,-73.98713956
194,79,237,4,812,Franklin St & W Broadway,40.71911552,-74.00666661,E 11 St & 2 Ave,40.73047309,-73.98672378
195,79,238,3,603,Franklin St & W Broadway,40.71911552,-74.00666661,Bank St & Washington St,40.7361967,-74.00859207
196,79,242,1,1953,Franklin St & W Broadway,40.71911552,-74.00666661,Carlton Ave & Flushing Ave,40.697787,-73.973736
197,79,247,1,908,Franklin St & W Broadway,40.71911552,-74.00666661,Perry St & Bleecker St,40.73535398,-74.00483091
198,79,248,1,171,Franklin St & W Broadway,40.71911552,-74.00666661,Laight St & Hudson St,40.72185379,-74.00771779
199,79,249,3,267,Franklin St & W Broadway,40.71911552,-74.00666661,Harrison St & Hudson St,40.71870987,-74.0090009
200,79,251,5,596,Franklin St & W Broadway,40.71911552,-74.00666661,Mott St & Prince St,40.72317958,-73.99480012
201,79,252,4,662,Franklin St & W Broadway,40.71911552,-74.00666661,MacDougal St & Washington Sq,40.73226398,-73.99852205
202,79,254,1,627,Franklin St & W Broadway,40.71911552,-74.00666661,W 11 St & 6 Ave,40.73532427,-73.99800419
203,79,257,23,194,Franklin St & W Broadway,40.71911552,-74.00666661,Lispenard St & Broadway,40.71939226,-74.00247214
204,79,262,1,198073,Franklin St & W Broadway,40.71911552,-74.00666661,Washington Park,40.6917823,-73.9737299
205,79,264,4,610,Franklin St & W Broadway,40.71911552,-74.00666661,Maiden Ln & Pearl St,40.70706456,-74.00731853
206,79,265,1,775,Franklin St & W Broadway,40.71911552,-74.00666661,Stanton St & Chrystie St,40.72229346,-73.99147535
207,79,268,6,325,Franklin St & W Broadway,40.71911552,-74.00666661,Howard St & Centre St,40.71910537,-73.99973337
208,79,276,11,251,Franklin St & W Broadway,40.71911552,-74.00666661,Duane St & Greenwich St,40.71748752,-74.0104554
209,79,280,2,963,Franklin St & W Broadway,40.71911552,-74.00666661,E 10 St & 5 Ave,40.73331967,-73.99510132
210,79,284,3,960,Franklin St & W Broadway,40.71911552,-74.00666661,Greenwich Ave & 8 Ave,40.73901691,-74.00263761
211,79,285,1,724,Franklin St & W Broadway,40.71911552,-74.00666661,Broadway & E 14 St,40.73454567,-73.99074142
212,79,291,2,658,Franklin St & W Broadway,40.71911552,-74.00666661,Madison St & Montgomery St,40.713126,-73.984844
213,79,293,2,1009,Franklin St & W Broadway,40.71911552,-74.00666661,Lafayette St & E 8 St,40.73020661,-73.99102628
214,79,294,4,566,Franklin St & W Broadway,40.71911552,-74.00666661,Washington Square E,40.73049393,-73.9957214
215,79,295,4,600,Franklin St & W Broadway,40.71911552,-74.00666661,Pike St & E Broadway,40.71406667,-73.99293911
216,79,301,1,1085,Franklin St & W Broadway,40.71911552,-74.00666661,E 2 St & Avenue B,40.72217444,-73.98368779
217,79,303,8,337,Franklin St & W Broadway,40.71911552,-74.00666661,Mercer St & Spring St,40.72362738,-73.99949601
218,79,304,1,1455,Franklin St & W Broadway,40.71911552,-74.00666661,Broadway & Battery Pl,40.70463334,-74.01361706
219,79,306,2,601,Franklin St & W Broadway,40.71911552,-74.00666661,Cliff St & Fulton St_1,40.70823502,-74.00530063
220,79,307,4,640,Franklin St & W Broadway,40.71911552,-74.00666661,Canal St & Rutgers St,40.71427487,-73.98990025
221,79,308,5,403,Franklin St & W Broadway,40.71911552,-74.00666661,St James Pl & Oliver St,40.71307916,-73.99851193
222,79,309,15,255,Franklin St & W Broadway,40.71911552,-74.00666661,Murray St & West St,40.7149787,-74.013012
223,79,312,3,1224,Franklin St & W Broadway,40.71911552,-74.00666661,Allen St & Stanton St,40.722055,-73.989111
224,79,316,2,453,Franklin St & W Broadway,40.71911552,-74.00666661,Fulton St & William St,40.70955958,-74.00653609
225,79,318,4,1439,Franklin St & W Broadway,40.71911552,-74.00666661,E 43 St & Vanderbilt Ave,40.75320159,-73.9779874
226,79,319,8,360,Franklin St & W Broadway,40.71911552,-74.00666661,Fulton St & Broadway,40.711066,-74.009447
227,79,320,4,353,Franklin St & W Broadway,40.71911552,-74.00666661,Leonard St & Church St,40.717571,-74.005549
228,79,323,3,780,Franklin St & W Broadway,40.71911552,-74.00666661,Lawrence St & Willoughby St,40.69236178,-73.98631746
229,79,325,6,1208,Franklin St & W Broadway,40.71911552,-74.00666661,E 19 St & 3 Ave,40.73624527,-73.98473765
230,79,327,5,405,Franklin St & W Broadway,40.71911552,-74.00666661,Vesey Pl & River Terrace,40.7153379,-74.01658354
231,79,328,11,578,Franklin St & W Broadway,40.71911552,-74.00666661,Watts St & Greenwich St,40.72405549,-74.00965965
232,79,329,22,195,Franklin St & W Broadway,40.71911552,-74.00666661,Greenwich St & North Moore St,40.72015227,-74.01036501
233,79,330,3,259,Franklin St & W Broadway,40.71911552,-74.00666661,Reade St & Broadway,40.71450451,-74.00562789
234,79,335,8,648,Franklin St & W Broadway,40.71911552,-74.00666661,Washington Pl & Broadway,40.72903917,-73.99404649
235,79,336,2,633,Franklin St & W Broadway,40.71911552,-74.00666661,Sullivan St & Washington Sq,40.73047747,-73.99906065
236,79,337,1,992,Franklin St & W Broadway,40.71911552,-74.00666661,Old Slip & Front St,40.7037992,-74.00838676
237,79,340,1,492,Franklin St & W Broadway,40.71911552,-74.00666661,Madison St & Clinton St,40.71269042,-73.98776323
238,79,345,4,803,Franklin St & W Broadway,40.71911552,-74.00666661,W 13 St & 6 Ave,40.73649403,-73.99704374
239,79,346,1,573,Franklin St & W Broadway,40.71911552,-74.00666661,Bank St & Hudson St,40.73652889,-74.00618026
240,79,347,6,508,Franklin St & W Broadway,40.71911552,-74.00666661,Greenwich St & W Houston St,40.728846,-74.008591
241,79,348,5,375,Franklin St & W Broadway,40.71911552,-74.00666661,W Broadway & Spring St,40.72490985,-74.00154702
242,79,349,1,827,Franklin St & W Broadway,40.71911552,-74.00666661,Rivington St & Ridge St,40.71850211,-73.98329859
243,79,350,1,635,Franklin St & W Broadway,40.71911552,-74.00666661,Clinton St & Grand St,40.71559509,-73.9870295
244,79,351,1,1057,Franklin St & W Broadway,40.71911552,-74.00666661,Front St & Maiden Ln,40.70530954,-74.00612572
245,79,353,1,2176,Franklin St & W Broadway,40.71911552,-74.00666661,S Portland Ave & Hanson Pl,40.68539567,-73.97431458
246,79,355,17,390,Franklin St & W Broadway,40.71911552,-74.00666661,Bayard St & Baxter St,40.71602118,-73.99974372
247,79,356,3,920,Franklin St & W Broadway,40.71911552,-74.00666661,Bialystoker Pl & Delancey St,40.71622644,-73.98261206
248,79,358,4,608,Franklin St & W Broadway,40.71911552,-74.00666661,Christopher St & Greenwich St,40.73291553,-74.00711384
249,79,360,4,559,Franklin St & W Broadway,40.71911552,-74.00666661,William St & Pine St,40.70717936,-74.00887308
250,79,361,1,680,Franklin St & W Broadway,40.71911552,-74.00666661,Allen St & Hester St,40.71605866,-73.99190759
251,79,363,4,856,Franklin St & W Broadway,40.71911552,-74.00666661,West Thames St,40.70834698,-74.01713445
252,79,368,4,385,Franklin St & W Broadway,40.71911552,-74.00666661,Carmine St & 6 Ave,40.73038599,-74.00214988
253,79,369,2,960,Franklin St & W Broadway,40.71911552,-74.00666661,Washington Pl & 6 Ave,40.73224119,-74.00026394
254,79,375,4,448,Franklin St & W Broadway,40.71911552,-74.00666661,Mercer St & Bleecker St S,40.72679454,-73.99695094
255,79,376,5,670,Franklin St & W Broadway,40.71911552,-74.00666661,John St & William St,40.70862144,-74.00722156
256,79,377,1,236,Franklin St & W Broadway,40.71911552,-74.00666661,6 Ave & Canal St,40.72243797,-74.00566443
257,79,382,2,663,Franklin St & W Broadway,40.71911552,-74.00666661,University Pl & E 14 St,40.73492695,-73.99200509
258,79,383,1,612,Franklin St & W Broadway,40.71911552,-74.00666661,Greenwich Ave & Charles St,40.735238,-74.000271
259,79,385,1,1704,Franklin St & W Broadway,40.71911552,-74.00666661,E 55 St & 2 Ave,40.75797322,-73.96603308
260,79,386,1,241,Franklin St & W Broadway,40.71911552,-74.00666661,Centre St & Worth St,40.71494807,-74.00234482
261,79,387,6,311,Franklin St & W Broadway,40.71911552,-74.00666661,Centre St & Chambers St,40.71273266,-74.0046073
262,79,388,2,1154,Franklin St & W Broadway,40.71911552,-74.00666661,W 26 St & 10 Ave,40.74971775,-74.00295035
263,79,391,2,1215,Franklin St & W Broadway,40.71911552,-74.00666661,Clark St & Henry St,40.69760127,-73.99344559
264,79,401,3,687,Franklin St & W Broadway,40.71911552,-74.00666661,Allen St & Rivington St,40.72019576,-73.98997825
265,79,402,1,1304,Franklin St & W Broadway,40.71911552,-74.00666661,Broadway & E 22 St,40.7403432,-73.98955109
266,79,403,2,660,Franklin St & W Broadway,40.71911552,-74.00666661,E 2 St & 2 Ave,40.72502876,-73.99069656
267,79,404,5,945,Franklin St & W Broadway,40.71911552,-74.00666661,9 Ave & W 14 St,40.7405826,-74.00550867
268,79,405,2,726,Franklin St & W Broadway,40.71911552,-74.00666661,Washington St & Gansevoort St,40.739323,-74.008119
269,79,406,3,1316,Franklin St & W Broadway,40.71911552,-74.00666661,Hicks St & Montague St,40.69512845,-73.99595065
270,79,407,1,863,Franklin St & W Broadway,40.71911552,-74.00666661,Henry St & Poplar St,40.700469,-73.991454
271,79,410,7,791,Franklin St & W Broadway,40.71911552,-74.00666661,Suffolk St & Stanton St,40.72066442,-73.98517977
272,79,411,1,1010,Franklin St & W Broadway,40.71911552,-74.00666661,E 6 St & Avenue D,40.72228087,-73.97668709
273,79,412,3,608,Franklin St & W Broadway,40.71911552,-74.00666661,Forsyth St & Canal St,40.7158155,-73.99422366
274,79,415,2,658,Franklin St & W Broadway,40.71911552,-74.00666661,Pearl St & Hanover Square,40.7047177,-74.00926027
275,79,417,39,290,Franklin St & W Broadway,40.71911552,-74.00666661,Barclay St & Church St,40.71291224,-74.01020234
276,79,422,2,1207,Franklin St & W Broadway,40.71911552,-74.00666661,W 59 St & 10 Ave,40.770513,-73.988038
277,79,426,34,315,Franklin St & W Broadway,40.71911552,-74.00666661,West St & Chambers St,40.71754834,-74.01322069
278,79,428,5,776,Franklin St & W Broadway,40.71911552,-74.00666661,E 3 St & 1 Ave,40.72467721,-73.98783413
279,79,432,4,989,Franklin St & W Broadway,40.71911552,-74.00666661,E 7 St & Avenue A,40.72621788,-73.98379855
280,79,435,2,1112,Franklin St & W Broadway,40.71911552,-74.00666661,W 21 St & 6 Ave,40.74173969,-73.99415556
281,79,438,4,519,Franklin St & W Broadway,40.71911552,-74.00666661,St Marks Pl & 1 Ave,40.72779126,-73.98564945
282,79,439,2,793,Franklin St & W Broadway,40.71911552,-74.00666661,E 4 St & 2 Ave,40.7262807,-73.98978041
283,79,444,1,4654,Franklin St & W Broadway,40.71911552,-74.00666661,Broadway & W 24 St,40.7423543,-73.98915076
284,79,446,1,1692,Franklin St & W Broadway,40.71911552,-74.00666661,W 24 St & 7 Ave,40.74487634,-73.99529885
285,79,448,1,1638,Franklin St & W Broadway,40.71911552,-74.00666661,W 37 St & 10 Ave,40.75660359,-73.9979009
286,79,450,1,546,Franklin St & W Broadway,40.71911552,-74.00666661,W 49 St & 8 Ave,40.76227205,-73.98788205
287,79,455,1,1282,Franklin St & W Broadway,40.71911552,-74.00666661,1 Ave & E 44 St,40.75001986,-73.96905301
288,79,457,1,1507,Franklin St & W Broadway,40.71911552,-74.00666661,Broadway & W 58 St,40.76695317,-73.98169333
289,79,458,3,806,Franklin St & W Broadway,40.71911552,-74.00666661,11 Ave & W 27 St,40.751396,-74.005226
290,79,461,2,1071,Franklin St & W Broadway,40.71911552,-74.00666661,E 20 St & 2 Ave,40.73587678,-73.98205027
291,79,462,2,1325,Franklin St & W Broadway,40.71911552,-74.00666661,W 22 St & 10 Ave,40.74691959,-74.00451887
292,79,467,1,298,Franklin St & W Broadway,40.71911552,-74.00666661,Dean St & 4 Ave,40.68312489,-73.97895137
293,79,470,2,848,Franklin St & W Broadway,40.71911552,-74.00666661,W 20 St & 8 Ave,40.74345335,-74.00004031
294,79,473,1,871,Franklin St & W Broadway,40.71911552,-74.00666661,Rivington St & Chrystie St,40.72110063,-73.9919254
295,79,475,2,943,Franklin St & W Broadway,40.71911552,-74.00666661,E 16 St & Irving Pl,40.73524276,-73.98758561
296,79,479,1,1591,Franklin St & W Broadway,40.71911552,-74.00666661,9 Ave & W 45 St,40.76019252,-73.9912551
297,79,482,1,1407,Franklin St & W Broadway,40.71911552,-74.00666661,W 15 St & 7 Ave,40.73935542,-73.99931783
298,79,483,2,968,Franklin St & W Broadway,40.71911552,-74.00666661,E 12 St & 3 Ave,40.73223272,-73.98889957
299,79,484,1,2111,Franklin St & W Broadway,40.71911552,-74.00666661,W 44 St & 5 Ave,40.75500254,-73.98014437
300,79,487,1,1114,Franklin St & W Broadway,40.71911552,-74.00666661,E 20 St & FDR Drive,40.73314259,-73.97573881
301,79,488,1,1488,Franklin St & W Broadway,40.71911552,-74.00666661,W 39 St & 9 Ave,40.75645824,-73.99372222
302,79,490,1,1703,Franklin St & W Broadway,40.71911552,-74.00666661,8 Ave & W 33 St,40.751551,-73.993934
303,79,493,1,2095,Franklin St & W Broadway,40.71911552,-74.00666661,W 45 St & 6 Ave,40.7568001,-73.98291153
304,79,494,1,954,Franklin St & W Broadway,40.71911552,-74.00666661,W 26 St & 8 Ave,40.74734825,-73.99723551
305,79,497,3,1171,Franklin St & W Broadway,40.71911552,-74.00666661,E 17 St & Broadway,40.73704984,-73.99009296
306,79,499,1,2315,Franklin St & W Broadway,40.71911552,-74.00666661,Broadway & W 60 St,40.76915505,-73.98191841
307,79,500,1,2440,Franklin St & W Broadway,40.71911552,-74.00666661,Broadway & W 51 St,40.76228826,-73.98336183
308,79,502,3,931,Franklin St & W Broadway,40.71911552,-74.00666661,Henry St & Grand St,40.714215,-73.981346
309,79,507,1,1160,Franklin St & W Broadway,40.71911552,-74.00666661,E 25 St & 2 Ave,40.73912601,-73.97973776
310,79,509,1,196,Franklin St & W Broadway,40.71911552,-74.00666661,9 Ave & W 22 St,40.7454973,-74.00197139
311,79,513,1,2073,Franklin St & W Broadway,40.71911552,-74.00666661,W 56 St & 10 Ave,40.768254,-73.988639
312,79,519,7,1180,Franklin St & W Broadway,40.71911552,-74.00666661,Pershing Square North,40.751873,-73.977706
313,79,521,1,1039,Franklin St & W Broadway,40.71911552,-74.00666661,8 Ave & W 31 St N,40.75096735,-73.99444208
314,79,523,1,1635,Franklin St & W Broadway,40.71911552,-74.00666661,W 38 St & 8 Ave,40.75466591,-73.99138152
315,79,531,1,1001,Franklin St & W Broadway,40.71911552,-74.00666661,Forsyth St & Broome St,40.71893904,-73.99266288
316,79,538,1,2334,Franklin St & W Broadway,40.71911552,-74.00666661,E 48 St & Madison Ave,40.75666,-73.976684
317,79,546,1,1025,Franklin St & W Broadway,40.71911552,-74.00666661,E 30 St & Park Ave S,40.74444921,-73.98303529
318,79,2004,1,546,Franklin St & W Broadway,40.71911552,-74.00666661,6 Ave & Broome St,40.724399,-74.004704
319,79,2010,4,202,Franklin St & W Broadway,40.71911552,-74.00666661,Grand St & Greene St,40.72165481,-74.00234737
320,79,2021,4,369,Franklin St & W Broadway,40.71911552,-74.00666661,W 45 St & 8 Ave,40.75929124,-73.98859651
321,79,2022,2,1931,Franklin St & W Broadway,40.71911552,-74.00666661,E 60 St & York Ave,40.759107,-73.959223
322,79,3002,14,619,Franklin St & W Broadway,40.71911552,-74.00666661,South End Ave & Liberty St,40.711512,-74.015756
323,82,82,10,617,St James Pl & Pearl St,40.71117416,-74.00016545,St James Pl & Pearl St,40.71117416,-74.00016545
324,82,128,1,933,St James Pl & Pearl St,40.71117416,-74.00016545,MacDougal St & Prince St,40.72710258,-74.00297088
325,82,144,2,1787,St James Pl & Pearl St,40.71117416,-74.00016545,Nassau St & Navy St,40.69839895,-73.98068914
326,82,151,38,507,St James Pl & Pearl St,40.71117416,-74.00016545,Cleveland Pl & Spring St,40.72210379,-73.99724901
327,82,153,2,1527,St James Pl & Pearl St,40.71117416,-74.00016545,E 40 St & 5 Ave,40.75206231,-73.9816324
328,82,161,1,771,St James Pl & Pearl St,40.71117416,-74.00016545,LaGuardia Pl & W 3 St,40.72917025,-73.99810231
329,82,167,1,1423,St James Pl & Pearl St,40.71117416,-74.00016545,E 39 St & 3 Ave,40.7489006,-73.97604882
330,82,195,2,544,St James Pl & Pearl St,40.71117416,-74.00016545,Liberty St & Broadway,40.70905623,-74.01043382
331,82,224,2,198,St James Pl & Pearl St,40.71117416,-74.00016545,Spruce St & Nassau St,40.71146364,-74.00552427
332,82,229,1,961,St James Pl & Pearl St,40.71117416,-74.00016545,Great Jones St,40.72743423,-73.99379025
333,82,232,1,1392,St James Pl & Pearl St,40.71117416,-74.00016545,Cadman Plaza E & Tillary St,40.69597683,-73.99014892
334,82,233,7,1129,St James Pl & Pearl St,40.71117416,-74.00016545,Cadman Plaza W & Pierrepont St,40.69475701,-73.99052739
335,82,236,2,1118,St James Pl & Pearl St,40.71117416,-74.00016545,St Marks Pl & 2 Ave,40.7284186,-73.98713956
336,82,237,1,842,St James Pl & Pearl St,40.71117416,-74.00016545,E 11 St & 2 Ave,40.73047309,-73.98672378
337,82,249,8,516,St James Pl & Pearl St,40.71117416,-74.00016545,Harrison St & Hudson St,40.71870987,-74.0090009
338,82,250,3,498,St James Pl & Pearl St,40.71117416,-74.00016545,Lafayette St & Jersey St N,40.72456089,-73.99565293
339,82,251,2,1161,St James Pl & Pearl St,40.71117416,-74.00016545,Mott St & Prince St,40.72317958,-73.99480012
340,82,257,2,355,St James Pl & Pearl St,40.71117416,-74.00016545,Lispenard St & Broadway,40.71939226,-74.00247214
341,82,259,7,436,St James Pl & Pearl St,40.71117416,-74.00016545,South St & Whitehall St,40.70122128,-74.01234218
342,82,263,6,426,St James Pl & Pearl St,40.71117416,-74.00016545,Elizabeth St & Hester St,40.71759082,-73.9962244
343,82,264,4,364,St James Pl & Pearl St,40.71117416,-74.00016545,Maiden Ln & Pearl St,40.70706456,-74.00731853
344,82,265,2,642,St James Pl & Pearl St,40.71117416,-74.00016545,Stanton St & Chrystie St,40.72229346,-73.99147535
345,82,266,1,1157,St James Pl & Pearl St,40.71117416,-74.00016545,Avenue D & E 8 St,40.72368361,-73.97574813
346,82,268,9,465,St James Pl & Pearl St,40.71117416,-74.00016545,Howard St & Centre St,40.71910537,-73.99973337
347,82,276,1,1002,St James Pl & Pearl St,40.71117416,-74.00016545,Duane St & Greenwich St,40.71748752,-74.0104554
348,82,279,1,1162,St James Pl & Pearl St,40.71117416,-74.00016545,Peck Slip & Front St,40.707873,-74.00167
349,82,281,2,1860,St James Pl & Pearl St,40.71117416,-74.00016545,Grand Army Plaza & Central Park S,40.7643971,-73.97371465
350,82,284,1,970,St James Pl & Pearl St,40.71117416,-74.00016545,Greenwich Ave & 8 Ave,40.73901691,-74.00263761
351,82,291,4,458,St James Pl & Pearl St,40.71117416,-74.00016545,Madison St & Montgomery St,40.713126,-73.984844
352,82,295,1,307,St James Pl & Pearl St,40.71117416,-74.00016545,Pike St & E Broadway,40.71406667,-73.99293911
353,82,296,2,179,St James Pl & Pearl St,40.71117416,-74.00016545,Division St & Bowery,40.71413089,-73.9970468
354,82,300,1,587,St James Pl & Pearl St,40.71117416,-74.00016545,Shevchenko Pl & E 7 St,40.728145,-73.990214
355,82,302,3,836,St James Pl & Pearl St,40.71117416,-74.00016545,Avenue D & E 3 St,40.72082834,-73.97793172
356,82,304,3,471,St James Pl & Pearl St,40.71117416,-74.00016545,Broadway & Battery Pl,40.70463334,-74.01361706
357,82,306,13,232,St James Pl & Pearl St,40.71117416,-74.00016545,Cliff St & Fulton St_1,40.70823502,-74.00530063
358,82,307,2,317,St James Pl & Pearl St,40.71117416,-74.00016545,Canal St & Rutgers St,40.71427487,-73.98990025
359,82,308,2,168,St James Pl & Pearl St,40.71117416,-74.00016545,St James Pl & Oliver St,40.71307916,-73.99851193
360,82,312,4,496,St James Pl & Pearl St,40.71117416,-74.00016545,Allen St & Stanton St,40.722055,-73.989111
361,82,315,3,417,St James Pl & Pearl St,40.71117416,-74.00016545,South St & Gouverneur Ln,40.70355377,-74.00670227
362,82,316,12,585,St James Pl & Pearl St,40.71117416,-74.00016545,Fulton St & William St,40.70955958,-74.00653609
363,82,317,1,94634,St James Pl & Pearl St,40.71117416,-74.00016545,E 6 St & Avenue B,40.72453734,-73.98185424
364,82,319,2,385,St James Pl & Pearl St,40.71117416,-74.00016545,Fulton St & Broadway,40.711066,-74.009447
365,82,322,5,1858,St James Pl & Pearl St,40.71117416,-74.00016545,Clinton St & Tillary St,40.696192,-73.991218
366,82,323,4,724,St James Pl & Pearl St,40.71117416,-74.00016545,Lawrence St & Willoughby St,40.69236178,-73.98631746
367,82,326,1,1036,St James Pl & Pearl St,40.71117416,-74.00016545,E 11 St & 1 Ave,40.72953837,-73.98426726
368,82,328,2,580,St James Pl & Pearl St,40.71117416,-74.00016545,Watts St & Greenwich St,40.72405549,-74.00965965
369,82,329,10,472,St James Pl & Pearl St,40.71117416,-74.00016545,Greenwich St & North Moore St,40.72015227,-74.01036501
370,82,331,1,1086,St James Pl & Pearl St,40.71117416,-74.00016545,Pike St & Monroe St,40.71173107,-73.99193043
371,82,332,1,576,St James Pl & Pearl St,40.71117416,-74.00016545,Cherry St,40.71219906,-73.97948148
372,82,337,2,427,St James Pl & Pearl St,40.71117416,-74.00016545,Old Slip & Front St,40.7037992,-74.00838676
373,82,340,3,489,St James Pl & Pearl St,40.71117416,-74.00016545,Madison St & Clinton St,40.71269042,-73.98776323
374,82,342,1,820,St James Pl & Pearl St,40.71117416,-74.00016545,Columbia St & Rivington St,40.71739973,-73.98016555
375,82,347,1,1326,St James Pl & Pearl St,40.71117416,-74.00016545,Greenwich St & W Houston St,40.728846,-74.008591
376,82,349,2,523,St James Pl & Pearl St,40.71117416,-74.00016545,Rivington St & Ridge St,40.71850211,-73.98329859
377,82,350,1,1439,St James Pl & Pearl St,40.71117416,-74.00016545,Clinton St & Grand St,40.71559509,-73.9870295
378,82,351,1,477,St James Pl & Pearl St,40.71117416,-74.00016545,Front St & Maiden Ln,40.70530954,-74.00612572
379,82,355,3,222,St James Pl & Pearl St,40.71117416,-74.00016545,Bayard St & Baxter St,40.71602118,-73.99974372
380,82,356,3,590,St James Pl & Pearl St,40.71117416,-74.00016545,Bialystoker Pl & Delancey St,40.71622644,-73.98261206
381,82,357,1,1119,St James Pl & Pearl St,40.71117416,-74.00016545,E 11 St & Broadway,40.73261787,-73.99158043
382,82,360,2,283,St James Pl & Pearl St,40.71117416,-74.00016545,William St & Pine St,40.70717936,-74.00887308
383,82,361,8,422,St James Pl & Pearl St,40.71117416,-74.00016545,Allen St & Hester St,40.71605866,-73.99190759
384,82,368,2,1365,St James Pl & Pearl St,40.71117416,-74.00016545,Carmine St & 6 Ave,40.73038599,-74.00214988
385,82,376,3,354,St James Pl & Pearl St,40.71117416,-74.00016545,John St & William St,40.70862144,-74.00722156
386,82,379,1,1246,St James Pl & Pearl St,40.71117416,-74.00016545,W 31 St & 7 Ave,40.749156,-73.9916
387,82,386,7,388,St James Pl & Pearl St,40.71117416,-74.00016545,Centre St & Worth St,40.71494807,-74.00234482
388,82,387,11,503,St James Pl & Pearl St,40.71117416,-74.00016545,Centre St & Chambers St,40.71273266,-74.0046073
389,82,393,1,978,St James Pl & Pearl St,40.71117416,-74.00016545,E 5 St & Avenue C,40.72299208,-73.97995466
390,82,401,2,444,St James Pl & Pearl St,40.71117416,-74.00016545,Allen St & Rivington St,40.72019576,-73.98997825
391,82,408,9,292,St James Pl & Pearl St,40.71117416,-74.00016545,Market St & Cherry St,40.71076228,-73.99400398
392,82,410,7,682,St James Pl & Pearl St,40.71117416,-74.00016545,Suffolk St & Stanton St,40.72066442,-73.98517977
393,82,412,6,726,St James Pl & Pearl St,40.71117416,-74.00016545,Forsyth St & Canal St,40.7158155,-73.99422366
394,82,415,3,812,St James Pl & Pearl St,40.71117416,-74.00016545,Pearl St & Hanover Square,40.7047177,-74.00926027
395,82,417,14,411,St James Pl & Pearl St,40.71117416,-74.00016545,Barclay St & Church St,40.71291224,-74.01020234
396,82,426,6,673,St James Pl & Pearl St,40.71117416,-74.00016545,West St & Chambers St,40.71754834,-74.01322069
397,82,428,6,721,St James Pl & Pearl St,40.71117416,-74.00016545,E 3 St & 1 Ave,40.72467721,-73.98783413
398,82,432,2,837,St James Pl & Pearl St,40.71117416,-74.00016545,E 7 St & Avenue A,40.72621788,-73.98379855
399,82,433,2,807,St James Pl & Pearl St,40.71117416,-74.00016545,old - E 13 St & Avenue A,40.72955361,-73.98057249
400,82,444,1,1307,St James Pl & Pearl St,40.71117416,-74.00016545,Broadway & W 24 St,40.7423543,-73.98915076
401,82,455,1,1768,St James Pl & Pearl St,40.71117416,-74.00016545,1 Ave & E 44 St,40.75001986,-73.96905301
402,82,458,1,942,St James Pl & Pearl St,40.71117416,-74.00016545,11 Ave & W 27 St,40.751396,-74.005226
403,82,465,1,221,St James Pl & Pearl St,40.71117416,-74.00016545,Broadway & W 41 St,40.75513557,-73.98658032
404,82,473,3,556,St James Pl & Pearl St,40.71117416,-74.00016545,Rivington St & Chrystie St,40.72110063,-73.9919254
405,82,484,1,2087,St James Pl & Pearl St,40.71117416,-74.00016545,W 44 St & 5 Ave,40.75500254,-73.98014437
406,82,493,2,1607,St James Pl & Pearl St,40.71117416,-74.00016545,W 45 St & 6 Ave,40.7568001,-73.98291153
407,82,502,2,568,St James Pl & Pearl St,40.71117416,-74.00016545,Henry St & Grand St,40.714215,-73.981346
408,82,505,1,1529,St James Pl & Pearl St,40.71117416,-74.00016545,6 Ave & W 33 St,40.74901271,-73.98848395
409,82,511,1,742,St James Pl & Pearl St,40.71117416,-74.00016545,E 14 St & Avenue B,40.72938685,-73.97772429
410,82,518,2,2542,St James Pl & Pearl St,40.71117416,-74.00016545,E 39 St & 2 Ave,40.74780373,-73.9734419
411,82,521,1,1750,St James Pl & Pearl St,40.71117416,-74.00016545,8 Ave & W 31 St N,40.75096735,-73.99444208
412,82,524,5,1803,St James Pl & Pearl St,40.71117416,-74.00016545,W 43 St & 6 Ave,40.75527307,-73.98316936
413,82,531,6,600,St James Pl & Pearl St,40.71117416,-74.00016545,Forsyth St & Broome St,40.71893904,-73.99266288
414,82,534,5,403,St James Pl & Pearl St,40.71117416,-74.00016545,Water - Whitehall Plaza,40.70255065,-74.0127234
415,82,539,1,3318,St James Pl & Pearl St,40.71117416,-74.00016545,Metropolitan Ave & Bedford Ave,40.71534825,-73.96024116
416,82,545,2,1481,St James Pl & Pearl St,40.71117416,-74.00016545,E 23 St & 1 Ave,40.736502,-73.97809472
417,82,546,1,1060,St James Pl & Pearl St,40.71117416,-74.00016545,E 30 St & Park Ave S,40.74444921,-73.98303529
418,82,2004,1,845,St James Pl & Pearl St,40.71117416,-74.00016545,6 Ave & Broome St,40.724399,-74.004704
419,82,2009,10,120,St James Pl & Pearl St,40.71117416,-74.00016545,Catherine St & Monroe St,40.71117444,-73.99682619
420,82,2021,1,1897,St James Pl & Pearl St,40.71117416,-74.00016545,W 45 St & 8 Ave,40.75929124,-73.98859651
421,83,83,5,926,Atlantic Ave & Fort Greene Pl,40.68382604,-73.97632328,Atlantic Ave & Fort Greene Pl,40.68382604,-73.97632328
422,83,119,1,773,Atlantic Ave & Fort Greene Pl,40.68382604,-73.97632328,Park Ave & St Edwards St,40.69608941,-73.97803415
423,83,120,7,1084,Atlantic Ave & Fort Greene Pl,40.68382604,-73.97632328,Lexington Ave & Classon Ave,40.68676793,-73.95928168
424,83,128,3,1445,Atlantic Ave & Fort Greene Pl,40.68382604,-73.97632328,MacDougal St & Prince St,40.72710258,-74.00297088
425,83,137,1,835,Atlantic Ave & Fort Greene Pl,40.68382604,-73.97632328,E 56 St & Madison Ave,40.761628,-73.972924
426,83,143,2,699,Atlantic Ave & Fort Greene Pl,40.68382604,-73.97632328,Clinton St & Joralemon St,40.69239502,-73.99337909
427,83,144,2,541,Atlantic Ave & Fort Greene Pl,40.68382604,-73.97632328,Nassau St & Navy St,40.69839895,-73.98068914
428,83,153,2,943,Atlantic Ave & Fort Greene Pl,40.68382604,-73.97632328,E 40 St & 5 Ave,40.75206231,-73.9816324
429,83,157,3,807,Atlantic Ave & Fort Greene Pl,40.68382604,-73.97632328,Henry St & Atlantic Ave,40.69089272,-73.99612349
430,83,167,1,2406,Atlantic Ave & Fort Greene Pl,40.68382604,-73.97632328,E 39 St & 3 Ave,40.7489006,-73.97604882
431,83,195,1,1268,Atlantic Ave & Fort Greene Pl,40.68382604,-73.97632328,Liberty St & Broadway,40.70905623,-74.01043382
432,83,217,1,1535,Atlantic Ave & Fort Greene Pl,40.68382604,-73.97632328,Old Fulton St,40.70277159,-73.99383605
433,83,218,5,531,Atlantic Ave & Fort Greene Pl,40.68382604,-73.97632328,Gallatin Pl & Livingston St,40.69028437,-73.98707105
434,83,223,1,416,Atlantic Ave & Fort Greene Pl,40.68382604,-73.97632328,W 13 St & 7 Ave,40.73781509,-73.99994661
435,83,233,4,589,Atlantic Ave & Fort Greene Pl,40.68382604,-73.97632328,Cadman Plaza W & Pierrepont St,40.69475701,-73.99052739
436,83,239,2,354,Atlantic Ave & Fort Greene Pl,40.68382604,-73.97632328,Willoughby St & Fleet St,40.69196566,-73.9813018
437,83,241,4,329,Atlantic Ave & Fort Greene Pl,40.68382604,-73.97632328,DeKalb Ave & S Portland Ave,40.68981035,-73.97493121
438,83,244,11,563,Atlantic Ave & Fort Greene Pl,40.68382604,-73.97632328,Willoughby Ave & Hall St,40.69196035,-73.96536851
439,83,245,1,665,Atlantic Ave & Fort Greene Pl,40.68382604,-73.97632328,Myrtle Ave & St Edwards St,40.69327018,-73.97703874
440,83,258,3,391,Atlantic Ave & Fort Greene Pl,40.68382604,-73.97632328,DeKalb Ave & Vanderbilt Ave,40.68940747,-73.96885458
441,83,261,4,423,Atlantic Ave & Fort Greene Pl,40.68382604,-73.97632328,Johnson St & Gold St,40.69474881,-73.98362464
442,83,262,1,382,Atlantic Ave & Fort Greene Pl,40.68382604,-73.97632328,Washington Park,40.6917823,-73.9737299
443,83,265,1,1139,Atlantic Ave & Fort Greene Pl,40.68382604,-73.97632328,Stanton St & Chrystie St,40.72229346,-73.99147535
444,83,267,1,445,Atlantic Ave & Fort Greene Pl,40.68382604,-73.97632328,Broadway & W 36 St,40.75097711,-73.98765428
445,83,270,19,711,Atlantic Ave & Fort Greene Pl,40.68382604,-73.97632328,Adelphi St & Myrtle Ave,40.69308257,-73.97178913
446,83,271,1,105,Atlantic Ave & Fort Greene Pl,40.68382604,-73.97632328,Ashland Pl & Hanson Pl,40.68522672,-73.97800148
447,83,274,4,264,Atlantic Ave & Fort Greene Pl,40.68382604,-73.97632328,Lafayette Ave & Fort Greene Pl,40.68691865,-73.976682
448,83,275,16,456,Atlantic Ave & Fort Greene Pl,40.68382604,-73.97632328,Washington Ave & Greene Ave,40.68650065,-73.96563307
449,83,278,2,682,Atlantic Ave & Fort Greene Pl,40.68382604,-73.97632328,Concord St & Bridge St,40.69766564,-73.98476437
450,83,279,1,504,Atlantic Ave & Fort Greene Pl,40.68382604,-73.97632328,Peck Slip & Front St,40.707873,-74.00167
451,83,284,2,1528,Atlantic Ave & Fort Greene Pl,40.68382604,-73.97632328,Greenwich Ave & 8 Ave,40.73901691,-74.00263761
452,83,285,1,576,Atlantic Ave & Fort Greene Pl,40.68382604,-73.97632328,Broadway & E 14 St,40.73454567,-73.99074142
453,83,289,3,770,Atlantic Ave & Fort Greene Pl,40.68382604,-73.97632328,Monroe St & Classon Ave,40.6845683,-73.95881081
454,83,298,1,187,Atlantic Ave & Fort Greene Pl,40.68382604,-73.97632328,3 Ave & Schermerhorn St,40.68683208,-73.9796772
455,83,305,1,2803,Atlantic Ave & Fort Greene Pl,40.68382604,-73.97632328,E 58 St & 3 Ave,40.76095756,-73.96724467
456,83,309,1,257,Atlantic Ave & Fort Greene Pl,40.68382604,-73.97632328,Murray St & West St,40.7149787,-74.013012
457,83,310,10,511,Atlantic Ave & Fort Greene Pl,40.68382604,-73.97632328,State St & Smith St,40.68926942,-73.98912867
458,83,313,4,647,Atlantic Ave & Fort Greene Pl,40.68382604,-73.97632328,Washington Ave & Park Ave,40.69610226,-73.96751037
459,83,314,1,1276,Atlantic Ave & Fort Greene Pl,40.68382604,-73.97632328,Cadman Plaza West & Montague St,40.69383,-73.990539
460,83,318,1,839,Atlantic Ave & Fort Greene Pl,40.68382604,-73.97632328,E 43 St & Vanderbilt Ave,40.75320159,-73.9779874
461,83,323,9,513,Atlantic Ave & Fort Greene Pl,40.68382604,-73.97632328,Lawrence St & Willoughby St,40.69236178,-73.98631746
462,83,324,11,348,Atlantic Ave & Fort Greene Pl,40.68382604,-73.97632328,DeKalb Ave & Hudson Ave,40.689888,-73.981013
463,83,326,1,1045,Atlantic Ave & Fort Greene Pl,40.68382604,-73.97632328,E 11 St & 1 Ave,40.72953837,-73.98426726
464,83,327,1,1730,Atlantic Ave & Fort Greene Pl,40.68382604,-73.97632328,Vesey Pl & River Terrace,40.7153379,-74.01658354
465,83,330,1,1230,Atlantic Ave & Fort Greene Pl,40.68382604,-73.97632328,Reade St & Broadway,40.71450451,-74.00562789
466,83,334,2,345,Atlantic Ave & Fort Greene Pl,40.68382604,-73.97632328,W 20 St & 7 Ave,40.74238787,-73.99726235
467,83,343,2,696,Atlantic Ave & Fort Greene Pl,40.68382604,-73.97632328,Clinton Ave & Flushing Ave,40.69794,-73.96986848
468,83,344,6,744,Atlantic Ave & Fort Greene Pl,40.68382604,-73.97632328,Monroe St & Bedford Ave,40.6851443,-73.95380904
469,83,345,1,693,Atlantic Ave & Fort Greene Pl,40.68382604,-73.97632328,W 13 St & 6 Ave,40.73649403,-73.99704374
470,83,347,2,1331,Atlantic Ave & Fort Greene Pl,40.68382604,-73.97632328,Greenwich St & W Houston St,40.728846,-74.008591
471,83,352,1,192,Atlantic Ave & Fort Greene Pl,40.68382604,-73.97632328,W 56 St & 6 Ave,40.76340613,-73.97722479
472,83,353,4,144,Atlantic Ave & Fort Greene Pl,40.68382604,-73.97632328,S Portland Ave & Hanson Pl,40.68539567,-73.97431458
473,83,354,3,1042,Atlantic Ave & Fort Greene Pl,40.68382604,-73.97632328,Emerson Pl & Myrtle Ave,40.69363137,-73.96223558
474,83,359,8,2252,Atlantic Ave & Fort Greene Pl,40.68382604,-73.97632328,E 47 St & Park Ave,40.75510267,-73.97498696
475,83,360,8,1491,Atlantic Ave & Fort Greene Pl,40.68382604,-73.97632328,William St & Pine St,40.70717936,-74.00887308
476,83,361,1,1409,Atlantic Ave & Fort Greene Pl,40.68382604,-73.97632328,Allen St & Hester St,40.71605866,-73.99190759
477,83,364,3,625,Atlantic Ave & Fort Greene Pl,40.68382604,-73.97632328,Lafayette Ave & Classon Ave,40.68900443,-73.96023854
478,83,365,13,509,Atlantic Ave & Fort Greene Pl,40.68382604,-73.97632328,Fulton St & Grand Ave,40.68223166,-73.9614583
479,83,366,16,598,Atlantic Ave & Fort Greene Pl,40.68382604,-73.97632328,Clinton Ave & Myrtle Ave,40.693261,-73.968896
480,83,369,1,1904,Atlantic Ave & Fort Greene Pl,40.68382604,-73.97632328,Washington Pl & 6 Ave,40.73224119,-74.00026394
481,83,372,2,2922,Atlantic Ave & Fort Greene Pl,40.68382604,-73.97632328,Franklin Ave & Myrtle Ave,40.69454609,-73.95801365
482,83,373,1,1251,Atlantic Ave & Fort Greene Pl,40.68382604,-73.97632328,Willoughby Ave & Walworth St,40.69331716,-73.95381995
483,83,379,1,2161,Atlantic Ave & Fort Greene Pl,40.68382604,-73.97632328,W 31 St & 7 Ave,40.749156,-73.9916
484,83,382,1,801,Atlantic Ave & Fort Greene Pl,40.68382604,-73.97632328,University Pl & E 14 St,40.73492695,-73.99200509
485,83,384,21,397,Atlantic Ave & Fort Greene Pl,40.68382604,-73.97632328,Fulton St & Washington Ave,40.683048,-73.964915
486,83,385,3,1273,Atlantic Ave & Fort Greene Pl,40.68382604,-73.97632328,E 55 St & 2 Ave,40.75797322,-73.96603308
487,83,387,1,1676,Atlantic Ave & Fort Greene Pl,40.68382604,-73.97632328,Centre St & Chambers St,40.71273266,-74.0046073
488,83,388,2,169,Atlantic Ave & Fort Greene Pl,40.68382604,-73.97632328,W 26 St & 10 Ave,40.74971775,-74.00295035
489,83,389,2,1346,Atlantic Ave & Fort Greene Pl,40.68382604,-73.97632328,Broadway & Berry St,40.71044554,-73.96525063
490,83,390,1,496,Atlantic Ave & Fort Greene Pl,40.68382604,-73.97632328,Duffield St & Willoughby St,40.69221589,-73.9842844
491,83,392,1,972,Atlantic Ave & Fort Greene Pl,40.68382604,-73.97632328,Jay St & Tech Pl,40.695065,-73.987167
492,83,394,1,1162,Atlantic Ave & Fort Greene Pl,40.68382604,-73.97632328,E 9 St & Avenue C,40.72521311,-73.97768752
493,83,395,8,340,Atlantic Ave & Fort Greene Pl,40.68382604,-73.97632328,Bond St & Schermerhorn St,40.68807003,-73.98410637
494,83,396,7,772,Atlantic Ave & Fort Greene Pl,40.68382604,-73.97632328,Lefferts Pl & Franklin Ave,40.68034242,-73.95576894
495,83,397,11,346,Atlantic Ave & Fort Greene Pl,40.68382604,-73.97632328,Fulton St & Clermont Ave,40.68415748,-73.96922273
496,83,398,2,648,Atlantic Ave & Fort Greene Pl,40.68382604,-73.97632328,Atlantic Ave & Furman St,40.69165183,-73.9999786
497,83,399,4,378,Atlantic Ave & Fort Greene Pl,40.68382604,-73.97632328,Lafayette Ave & St James Pl,40.68851534,-73.9647628
498,83,402,4,981,Atlantic Ave & Fort Greene Pl,40.68382604,-73.97632328,Broadway & E 22 St,40.7403432,-73.98955109
499,83,403,1,1781,Atlantic Ave & Fort Greene Pl,40.68382604,-73.97632328,E 2 St & 2 Ave,40.72502876,-73.99069656
500,83,404,2,408,Atlantic Ave & Fort Greene Pl,40.68382604,-73.97632328,9 Ave & W 14 St,40.7405826,-74.00550867
501,83,406,1,636,Atlantic Ave & Fort Greene Pl,40.68382604,-73.97632328,Hicks St & Montague St,40.69512845,-73.99595065
502,83,407,1,865,Atlantic Ave & Fort Greene Pl,40.68382604,-73.97632328,Henry St & Poplar St,40.700469,-73.991454
503,83,410,1,1193,Atlantic Ave & Fort Greene Pl,40.68382604,-73.97632328,Suffolk St & Stanton St,40.72066442,-73.98517977
504,83,412,1,1471,Atlantic Ave & Fort Greene Pl,40.68382604,-73.97632328,Forsyth St & Canal St,40.7158155,-73.99422366
505,83,414,1,1128,Atlantic Ave & Fort Greene Pl,40.68382604,-73.97632328,Pearl St & Anchorage Pl,40.70281858,-73.98765762
506,83,416,17,419,Atlantic Ave & Fort Greene Pl,40.68382604,-73.97632328,Cumberland St & Lafayette Ave,40.68753406,-73.97265183
507,83,420,7,300,Atlantic Ave & Fort Greene Pl,40.68382604,-73.97632328,Clermont Ave & Lafayette Ave,40.68764484,-73.96968902
508,83,421,2,436,Atlantic Ave & Fort Greene Pl,40.68382604,-73.97632328,Clermont Ave & Park Ave,40.69573398,-73.97129668
509,83,430,1,805,Atlantic Ave & Fort Greene Pl,40.68382604,-73.97632328,York St & Jay St,40.7014851,-73.98656928
510,83,431,1,355,Atlantic Ave & Fort Greene Pl,40.68382604,-73.97632328,Hanover Pl & Livingston St,40.68864636,-73.98263429
511,83,434,1,274,Atlantic Ave & Fort Greene Pl,40.68382604,-73.97632328,9 Ave & W 18 St,40.74317449,-74.00366443
512,83,435,3,343,Atlantic Ave & Fort Greene Pl,40.68382604,-73.97632328,W 21 St & 6 Ave,40.74173969,-73.99415556
513,83,436,9,761,Atlantic Ave & Fort Greene Pl,40.68382604,-73.97632328,Hancock St & Bedford Ave,40.68216564,-73.95399026
514,83,437,12,785,Atlantic Ave & Fort Greene Pl,40.68382604,-73.97632328,Macon St & Nostrand Ave,40.68098339,-73.95004798
515,83,445,1,800,Atlantic Ave & Fort Greene Pl,40.68382604,-73.97632328,E 10 St & Avenue A,40.72740794,-73.98142006
516,83,446,3,153,Atlantic Ave & Fort Greene Pl,40.68382604,-73.97632328,W 24 St & 7 Ave,40.74487634,-73.99529885
517,83,457,1,668,Atlantic Ave & Fort Greene Pl,40.68382604,-73.97632328,Broadway & W 58 St,40.76695317,-73.98169333
518,83,458,1,2299,Atlantic Ave & Fort Greene Pl,40.68382604,-73.97632328,11 Ave & W 27 St,40.751396,-74.005226
519,83,462,1,340,Atlantic Ave & Fort Greene Pl,40.68382604,-73.97632328,W 22 St & 10 Ave,40.74691959,-74.00451887
520,83,463,1,365,Atlantic Ave & Fort Greene Pl,40.68382604,-73.97632328,9 Ave & W 16 St,40.74206539,-74.00443172
521,83,464,1,1202,Atlantic Ave & Fort Greene Pl,40.68382604,-73.97632328,E 56 St & 3 Ave,40.75934501,-73.96759673
522,83,470,1,269,Atlantic Ave & Fort Greene Pl,40.68382604,-73.97632328,W 20 St & 8 Ave,40.74345335,-74.00004031
523,83,471,1,1500,Atlantic Ave & Fort Greene Pl,40.68382604,-73.97632328,Grand St & Havemeyer St,40.71286844,-73.95698119
524,83,474,1,403,Atlantic Ave & Fort Greene Pl,40.68382604,-73.97632328,5 Ave & E 29 St,40.7451677,-73.98683077
525,83,477,2,391,Atlantic Ave & Fort Greene Pl,40.68382604,-73.97632328,W 41 St & 8 Ave,40.75640548,-73.9900262
526,83,479,3,647,Atlantic Ave & Fort Greene Pl,40.68382604,-73.97632328,9 Ave & W 45 St,40.76019252,-73.9912551
527,83,481,2,1546,Atlantic Ave & Fort Greene Pl,40.68382604,-73.97632328,S 3 St & Bedford Ave,40.71260486,-73.96264403
528,83,482,1,359,Atlantic Ave & Fort Greene Pl,40.68382604,-73.97632328,W 15 St & 7 Ave,40.73935542,-73.99931783
529,83,484,1,718,Atlantic Ave & Fort Greene Pl,40.68382604,-73.97632328,W 44 St & 5 Ave,40.75500254,-73.98014437
530,83,489,3,223,Atlantic Ave & Fort Greene Pl,40.68382604,-73.97632328,10 Ave & W 28 St,40.75066386,-74.00176802
531,83,492,1,226,Atlantic Ave & Fort Greene Pl,40.68382604,-73.97632328,W 33 St & 7 Ave,40.75019995,-73.99093085
532,83,494,2,524,Atlantic Ave & Fort Greene Pl,40.68382604,-73.97632328,W 26 St & 8 Ave,40.74734825,-73.99723551
533,83,497,3,501,Atlantic Ave & Fort Greene Pl,40.68382604,-73.97632328,E 17 St & Broadway,40.73704984,-73.99009296
534,83,504,1,760,Atlantic Ave & Fort Greene Pl,40.68382604,-73.97632328,1 Ave & E 16 St,40.73221853,-73.98165557
535,83,505,2,332,Atlantic Ave & Fort Greene Pl,40.68382604,-73.97632328,6 Ave & W 33 St,40.74901271,-73.98848395
536,83,507,1,713,Atlantic Ave & Fort Greene Pl,40.68382604,-73.97632328,E 25 St & 2 Ave,40.73912601,-73.97973776
537,83,510,10,2554,Atlantic Ave & Fort Greene Pl,40.68382604,-73.97632328,W 51 St & 6 Ave,40.7606597,-73.98042047
538,83,512,1,117,Atlantic Ave & Fort Greene Pl,40.68382604,-73.97632328,W 29 St & 9 Ave,40.7500727,-73.99839279
539,83,515,5,550,Atlantic Ave & Fort Greene Pl,40.68382604,-73.97632328,W 43 St & 10 Ave,40.76009437,-73.99461843
540,83,517,1,797,Atlantic Ave & Fort Greene Pl,40.68382604,-73.97632328,Pershing Square South,40.751581,-73.97791
541,83,519,1,755,Atlantic Ave & Fort Greene Pl,40.68382604,-73.97632328,Pershing Square North,40.751873,-73.977706
542,83,521,5,155,Atlantic Ave & Fort Greene Pl,40.68382604,-73.97632328,8 Ave & W 31 St N,40.75096735,-73.99444208
543,83,523,1,506,Atlantic Ave & Fort Greene Pl,40.68382604,-73.97632328,W 38 St & 8 Ave,40.75466591,-73.99138152
544,83,524,1,3519,Atlantic Ave & Fort Greene Pl,40.68382604,-73.97632328,W 43 St & 6 Ave,40.75527307,-73.98316936
545,83,525,1,2748,Atlantic Ave & Fort Greene Pl,40.68382604,-73.97632328,W 34 St & 11 Ave,40.75594159,-74.0021163
546,83,528,1,625,Atlantic Ave & Fort Greene Pl,40.68382604,-73.97632328,2 Ave & E 31 St,40.74290902,-73.97706058
547,83,529,2,511,Atlantic Ave & Fort Greene Pl,40.68382604,-73.97632328,W 42 St & 8 Ave,40.7575699,-73.99098507
548,83,537,2,566,Atlantic Ave & Fort Greene Pl,40.68382604,-73.97632328,Lexington Ave & E 24 St,40.74025878,-73.98409214
549,83,539,2,1376,Atlantic Ave & Fort Greene Pl,40.68382604,-73.97632328,Metropolitan Ave & Bedford Ave,40.71534825,-73.96024116
550,83,540,4,472,Atlantic Ave & Fort Greene Pl,40.68382604,-73.97632328,Lexington Ave & E 29 St,40.74311555,-73.98215353
551,83,545,1,794,Atlantic Ave & Fort Greene Pl,40.68382604,-73.97632328,E 23 St & 1 Ave,40.736502,-73.97809472
552,83,546,1,432,Atlantic Ave & Fort Greene Pl,40.68382604,-73.97632328,E 30 St & Park Ave S,40.74444921,-73.98303529
553,83,2000,3,1248,Atlantic Ave & Fort Greene Pl,40.68382604,-73.97632328,Front St & Washington St,40.70255088,-73.98940236
554,83,2002,3,1585,Atlantic Ave & Fort Greene Pl,40.68382604,-73.97632328,Wythe Ave & Metropolitan Ave,40.716887,-73.963198
555,83,2021,2,497,Atlantic Ave & Fort Greene Pl,40.68382604,-73.97632328,W 45 St & 8 Ave,40.75929124,-73.98859651
556,116,72,3,751,W 17 St & 8 Ave,40.74177603,-74.00149746,W 52 St & 11 Ave,40.76727216,-73.99392888
557,116,83,6,302,W 17 St & 8 Ave,40.74177603,-74.00149746,Atlantic Ave & Fort Greene Pl,40.68382604,-73.97632328
558,116,116,14,464,W 17 St & 8 Ave,40.74177603,-74.00149746,W 17 St & 8 Ave,40.74177603,-74.00149746
559,116,127,4,503,W 17 St & 8 Ave,40.74177603,-74.00149746,Barrow St & Hudson St,40.73172428,-74.00674436
560,116,137,4,1611,W 17 St & 8 Ave,40.74177603,-74.00149746,E 56 St & Madison Ave,40.761628,-73.972924
561,116,146,1,810,W 17 St & 8 Ave,40.74177603,-74.00149746,Hudson St & Reade St,40.71625008,-74.0091059
562,116,147,1,1020,W 17 St & 8 Ave,40.74177603,-74.00149746,Greenwich St & Warren St,40.71542197,-74.01121978
563,116,151,7,1001,W 17 St & 8 Ave,40.74177603,-74.00149746,Cleveland Pl & Spring St,40.72210379,-73.99724901
564,116,152,2,787,W 17 St & 8 Ave,40.74177603,-74.00149746,Warren St & Church St,40.71473993,-74.00910627
565,116,153,9,680,W 17 St & 8 Ave,40.74177603,-74.00149746,E 40 St & 5 Ave,40.75206231,-73.9816324
566,116,157,1,2532,W 17 St & 8 Ave,40.74177603,-74.00149746,Henry St & Atlantic Ave,40.69089272,-73.99612349
567,116,160,3,1085,W 17 St & 8 Ave,40.74177603,-74.00149746,E 37 St & Lexington Ave,40.44535,-73.978238
568,116,161,4,607,W 17 St & 8 Ave,40.74177603,-74.00149746,LaGuardia Pl & W 3 St,40.72917025,-73.99810231
569,116,167,2,18852,W 17 St & 8 Ave,40.74177603,-74.00149746,E 39 St & 3 Ave,40.7489006,-73.97604882
570,116,168,39,337,W 17 St & 8 Ave,40.74177603,-74.00149746,W 18 St & 6 Ave,40.73971301,-73.99456405
571,116,173,3,868,W 17 St & 8 Ave,40.74177603,-74.00149746,Broadway & W 49 St,40.76068327,-73.98452729
572,116,195,4,1194,W 17 St & 8 Ave,40.74177603,-74.00149746,Liberty St & Broadway,40.70905623,-74.01043382
573,116,212,77,219,W 17 St & 8 Ave,40.74177603,-74.00149746,W 16 St & The High Line,40.74334935,-74.00681753
574,116,223,10,472,W 17 St & 8 Ave,40.74177603,-74.00149746,W 13 St & 7 Ave,40.73781509,-73.99994661
575,116,225,6,501,W 17 St & 8 Ave,40.74177603,-74.00149746,W 14 St & The High Line,40.74195138,-74.00803013
576,116,228,2,1086,W 17 St & 8 Ave,40.74177603,-74.00149746,E 48 St & 3 Ave,40.7546011,-73.97187886
577,116,229,2,804,W 17 St & 8 Ave,40.74177603,-74.00149746,Great Jones St,40.72743423,-73.99379025
578,116,236,4,941,W 17 St & 8 Ave,40.74177603,-74.00149746,St Marks Pl & 2 Ave,40.7284186,-73.98713956
579,116,237,2,590,W 17 St & 8 Ave,40.74177603,-74.00149746,E 11 St & 2 Ave,40.73047309,-73.98672378
580,116,238,25,381,W 17 St & 8 Ave,40.74177603,-74.00149746,Bank St & Washington St,40.7361967,-74.00859207
581,116,243,3,647,W 17 St & 8 Ave,40.74177603,-74.00149746,Fulton St & Rockwell Pl,40.68841,-73.979458
582,116,247,11,383,W 17 St & 8 Ave,40.74177603,-74.00149746,Perry St & Bleecker St,40.73535398,-74.00483091
583,116,249,1,1298,W 17 St & 8 Ave,40.74177603,-74.00149746,Harrison St & Hudson St,40.71870987,-74.0090009
584,116,251,1,936,W 17 St & 8 Ave,40.74177603,-74.00149746,Mott St & Prince St,40.72317958,-73.99480012
585,116,252,4,421,W 17 St & 8 Ave,40.74177603,-74.00149746,MacDougal St & Washington Sq,40.73226398,-73.99852205
586,116,253,2,426,W 17 St & 8 Ave,40.74177603,-74.00149746,W 13 St & 5 Ave -moved to 5947.04,40.73543934,-73.99453948
587,116,254,9,353,W 17 St & 8 Ave,40.74177603,-74.00149746,W 11 St & 6 Ave,40.73532427,-73.99800419
588,116,263,3,1284,W 17 St & 8 Ave,40.74177603,-74.00149746,Elizabeth St & Hester St,40.71759082,-73.9962244
589,116,264,2,516,W 17 St & 8 Ave,40.74177603,-74.00149746,Maiden Ln & Pearl St,40.70706456,-74.00731853
590,116,267,5,614,W 17 St & 8 Ave,40.74177603,-74.00149746,Broadway & W 36 St,40.75097711,-73.98765428
591,116,268,4,875,W 17 St & 8 Ave,40.74177603,-74.00149746,Howard St & Centre St,40.71910537,-73.99973337
592,116,280,10,569,W 17 St & 8 Ave,40.74177603,-74.00149746,E 10 St & 5 Ave,40.73331967,-73.99510132
593,116,281,8,1259,W 17 St & 8 Ave,40.74177603,-74.00149746,Grand Army Plaza & Central Park S,40.7643971,-73.97371465
594,116,284,8,156,W 17 St & 8 Ave,40.74177603,-74.00149746,Greenwich Ave & 8 Ave,40.73901691,-74.00263761
595,116,285,10,588,W 17 St & 8 Ave,40.74177603,-74.00149746,Broadway & E 14 St,40.73454567,-73.99074142
596,116,290,5,1633,W 17 St & 8 Ave,40.74177603,-74.00149746,2 Ave & E 58 St,40.76020258,-73.96478473
597,116,291,1,1845,W 17 St & 8 Ave,40.74177603,-74.00149746,Madison St & Montgomery St,40.713126,-73.984844
598,116,293,8,621,W 17 St & 8 Ave,40.74177603,-74.00149746,Lafayette St & E 8 St,40.73020661,-73.99102628
599,116,297,8,1105,W 17 St & 8 Ave,40.74177603,-74.00149746,E 15 St & 3 Ave,40.734232,-73.986923
600,116,300,1,576,W 17 St & 8 Ave,40.74177603,-74.00149746,Shevchenko Pl & E 7 St,40.728145,-73.990214
601,116,301,12,979,W 17 St & 8 Ave,40.74177603,-74.00149746,E 2 St & Avenue B,40.72217444,-73.98368779
602,116,303,5,906,W 17 St & 8 Ave,40.74177603,-74.00149746,Mercer St & Spring St,40.72362738,-73.99949601
603,116,305,2,1407,W 17 St & 8 Ave,40.74177603,-74.00149746,E 58 St & 3 Ave,40.76095756,-73.96724467
604,116,306,1,282,W 17 St & 8 Ave,40.74177603,-74.00149746,Cliff St & Fulton St_1,40.70823502,-74.00530063
605,116,307,1,1550,W 17 St & 8 Ave,40.74177603,-74.00149746,Canal St & Rutgers St,40.71427487,-73.98990025
606,116,317,1,530,W 17 St & 8 Ave,40.74177603,-74.00149746,E 6 St & Avenue B,40.72453734,-73.98185424
607,116,318,35,913,W 17 St & 8 Ave,40.74177603,-74.00149746,E 43 St & Vanderbilt Ave,40.75320159,-73.9779874
608,116,319,1,236,W 17 St & 8 Ave,40.74177603,-74.00149746,Fulton St & Broadway,40.711066,-74.009447
609,116,323,2,970,W 17 St & 8 Ave,40.74177603,-74.00149746,Lawrence St & Willoughby St,40.69236178,-73.98631746
610,116,324,1,2122,W 17 St & 8 Ave,40.74177603,-74.00149746,DeKalb Ave & Hudson Ave,40.689888,-73.981013
611,116,325,6,648,W 17 St & 8 Ave,40.74177603,-74.00149746,E 19 St & 3 Ave,40.73624527,-73.98473765
612,116,326,8,892,W 17 St & 8 Ave,40.74177603,-74.00149746,E 11 St & 1 Ave,40.72953837,-73.98426726
613,116,327,8,1071,W 17 St & 8 Ave,40.74177603,-74.00149746,Vesey Pl & River Terrace,40.7153379,-74.01658354
614,116,334,24,204,W 17 St & 8 Ave,40.74177603,-74.00149746,W 20 St & 7 Ave,40.74238787,-73.99726235
615,116,335,3,484,W 17 St & 8 Ave,40.74177603,-74.00149746,Washington Pl & Broadway,40.72903917,-73.99404649
616,116,336,1,500,W 17 St & 8 Ave,40.74177603,-74.00149746,Sullivan St & Washington Sq,40.73047747,-73.99906065
617,116,340,1,1231,W 17 St & 8 Ave,40.74177603,-74.00149746,Madison St & Clinton St,40.71269042,-73.98776323
618,116,342,1,1736,W 17 St & 8 Ave,40.74177603,-74.00149746,Columbia St & Rivington St,40.71739973,-73.98016555
619,116,345,13,353,W 17 St & 8 Ave,40.74177603,-74.00149746,W 13 St & 6 Ave,40.73649403,-73.99704374
620,116,346,18,400,W 17 St & 8 Ave,40.74177603,-74.00149746,Bank St & Hudson St,40.73652889,-74.00618026
621,116,347,8,588,W 17 St & 8 Ave,40.74177603,-74.00149746,Greenwich St & W Houston St,40.728846,-74.008591
622,116,348,4,969,W 17 St & 8 Ave,40.74177603,-74.00149746,W Broadway & Spring St,40.72490985,-74.00154702
623,116,352,8,539,W 17 St & 8 Ave,40.74177603,-74.00149746,W 56 St & 6 Ave,40.76340613,-73.97722479
624,116,357,4,563,W 17 St & 8 Ave,40.74177603,-74.00149746,E 11 St & Broadway,40.73261787,-73.99158043
625,116,358,20,505,W 17 St & 8 Ave,40.74177603,-74.00149746,Christopher St & Greenwich St,40.73291553,-74.00711384
626,116,359,1,1051,W 17 St & 8 Ave,40.74177603,-74.00149746,E 47 St & Park Ave,40.75510267,-73.97498696
627,116,363,5,1141,W 17 St & 8 Ave,40.74177603,-74.00149746,West Thames St,40.70834698,-74.01713445
628,116,367,2,1521,W 17 St & 8 Ave,40.74177603,-74.00149746,E 53 St & Lexington Ave,40.75828065,-73.97069431
629,116,368,5,435,W 17 St & 8 Ave,40.74177603,-74.00149746,Carmine St & 6 Ave,40.73038599,-74.00214988
630,116,369,1,336,W 17 St & 8 Ave,40.74177603,-74.00149746,Washington Pl & 6 Ave,40.73224119,-74.00026394
631,116,375,5,830,W 17 St & 8 Ave,40.74177603,-74.00149746,Mercer St & Bleecker St S,40.72679454,-73.99695094
632,116,377,1,614,W 17 St & 8 Ave,40.74177603,-74.00149746,6 Ave & Canal St,40.72243797,-74.00566443
633,116,379,4,583,W 17 St & 8 Ave,40.74177603,-74.00149746,W 31 St & 7 Ave,40.749156,-73.9916
634,116,380,8,423,W 17 St & 8 Ave,40.74177603,-74.00149746,W 4 St & 7 Ave S,40.73401143,-74.00293877
635,116,382,16,757,W 17 St & 8 Ave,40.74177603,-74.00149746,University Pl & E 14 St,40.73492695,-73.99200509
636,116,383,17,380,W 17 St & 8 Ave,40.74177603,-74.00149746,Greenwich Ave & Charles St,40.735238,-74.000271
637,116,385,1,1536,W 17 St & 8 Ave,40.74177603,-74.00149746,E 55 St & 2 Ave,40.75797322,-73.96603308
638,116,388,44,393,W 17 St & 8 Ave,40.74177603,-74.00149746,W 26 St & 10 Ave,40.74971775,-74.00295035
639,116,393,5,1508,W 17 St & 8 Ave,40.74177603,-74.00149746,E 5 St & Avenue C,40.72299208,-73.97995466
640,116,394,3,894,W 17 St & 8 Ave,40.74177603,-74.00149746,E 9 St & Avenue C,40.72521311,-73.97768752
641,116,401,2,969,W 17 St & 8 Ave,40.74177603,-74.00149746,Allen St & Rivington St,40.72019576,-73.98997825
642,116,402,36,594,W 17 St & 8 Ave,40.74177603,-74.00149746,Broadway & E 22 St,40.7403432,-73.98955109
643,116,403,2,969,W 17 St & 8 Ave,40.74177603,-74.00149746,E 2 St & 2 Ave,40.72502876,-73.99069656
644,116,404,10,178,W 17 St & 8 Ave,40.74177603,-74.00149746,9 Ave & W 14 St,40.7405826,-74.00550867
645,116,405,22,297,W 17 St & 8 Ave,40.74177603,-74.00149746,Washington St & Gansevoort St,40.739323,-74.008119
646,116,410,4,1337,W 17 St & 8 Ave,40.74177603,-74.00149746,Suffolk St & Stanton St,40.72066442,-73.98517977
647,116,411,1,907,W 17 St & 8 Ave,40.74177603,-74.00149746,E 6 St & Avenue D,40.72228087,-73.97668709
648,116,417,3,1165,W 17 St & 8 Ave,40.74177603,-74.00149746,Barclay St & Church St,40.71291224,-74.01020234
649,116,422,4,1143,W 17 St & 8 Ave,40.74177603,-74.00149746,W 59 St & 10 Ave,40.770513,-73.988038
650,116,423,3,1067,W 17 St & 8 Ave,40.74177603,-74.00149746,W 54 St & 9 Ave,40.76584941,-73.98690506
651,116,426,5,1133,W 17 St & 8 Ave,40.74177603,-74.00149746,West St & Chambers St,40.71754834,-74.01322069
652,116,427,1,2412,W 17 St & 8 Ave,40.74177603,-74.00149746,Bus Slip & State St,40.701907,-74.013942
653,116,428,3,7515,W 17 St & 8 Ave,40.74177603,-74.00149746,E 3 St & 1 Ave,40.72467721,-73.98783413
654,116,433,3,712,W 17 St & 8 Ave,40.74177603,-74.00149746,old - E 13 St & Avenue A,40.72955361,-73.98057249
655,116,434,21,334,W 17 St & 8 Ave,40.74177603,-74.00149746,9 Ave & W 18 St,40.74317449,-74.00366443
656,116,435,60,396,W 17 St & 8 Ave,40.74177603,-74.00149746,W 21 St & 6 Ave,40.74173969,-73.99415556
657,116,438,5,685,W 17 St & 8 Ave,40.74177603,-74.00149746,St Marks Pl & 1 Ave,40.72779126,-73.98564945
658,116,439,4,1097,W 17 St & 8 Ave,40.74177603,-74.00149746,E 4 St & 2 Ave,40.7262807,-73.98978041
659,116,441,1,1025,W 17 St & 8 Ave,40.74177603,-74.00149746,E 52 St & 2 Ave,40.756014,-73.967416
660,116,442,33,381,W 17 St & 8 Ave,40.74177603,-74.00149746,W 27 St & 7 Ave,40.746647,-73.993915
661,116,444,11,482,W 17 St & 8 Ave,40.74177603,-74.00149746,Broadway & W 24 St,40.7423543,-73.98915076
662,116,445,2,809,W 17 St & 8 Ave,40.74177603,-74.00149746,E 10 St & Avenue A,40.72740794,-73.98142006
663,116,446,27,323,W 17 St & 8 Ave,40.74177603,-74.00149746,W 24 St & 7 Ave,40.74487634,-73.99529885
664,116,447,18,896,W 17 St & 8 Ave,40.74177603,-74.00149746,8 Ave & W 52 St,40.76370739,-73.9851615
665,116,448,15,621,W 17 St & 8 Ave,40.74177603,-74.00149746,W 37 St & 10 Ave,40.75660359,-73.9979009
666,116,449,8,949,W 17 St & 8 Ave,40.74177603,-74.00149746,W 52 St & 9 Ave,40.76461837,-73.98789473
667,116,450,16,1002,W 17 St & 8 Ave,40.74177603,-74.00149746,W 49 St & 8 Ave,40.76227205,-73.98788205
668,116,453,32,186,W 17 St & 8 Ave,40.74177603,-74.00149746,W 22 St & 8 Ave,40.74475148,-73.99915362
669,116,454,1,1446,W 17 St & 8 Ave,40.74177603,-74.00149746,E 51 St & 1 Ave,40.75455731,-73.96592976
670,116,455,1,1284,W 17 St & 8 Ave,40.74177603,-74.00149746,1 Ave & E 44 St,40.75001986,-73.96905301
671,116,457,12,1293,W 17 St & 8 Ave,40.74177603,-74.00149746,Broadway & W 58 St,40.76695317,-73.98169333
672,116,458,13,492,W 17 St & 8 Ave,40.74177603,-74.00149746,11 Ave & W 27 St,40.751396,-74.005226
673,116,459,24,288,W 17 St & 8 Ave,40.74177603,-74.00149746,W 20 St & 11 Ave,40.746745,-74.007756
